name,price,socket,form_factor,max_memory_gb,memory_slots,color,memory_type,storage_support,estimated_release_year,original_price
MSI B650 GAMING PLUS WIFI,0.0283521230585239,AM5,ATX,192,4,Black,DDR5,"PCIe 4.0 NVMe, SATA",2022.0,169.99
Asus ROG STRIX B650-A GAMING WIFI,0.0360845202563031,AM5,ATX,192,4,Black / Silver,DDR5,"PCIe 4.0 NVMe, SATA",2022.0,199.99
MSI B550 GAMING GEN3,0.0103098629303723,AM4,ATX,128,4,Black,DDR4,SATA Only,2020.0,99.99
MSI MAG B650 TOMAHAWK WIFI,0.0360845202563031,AM5,ATX,192,4,Black,DDR5,"PCIe 4.0 NVMe, SATA",2022.0,199.99
Gigabyte B650 GAMING X AX,0.030929588791117,AM5,ATX,192,4,Black / Gray,DDR5,"PCIe 4.0 NVMe, SATA",2022.0,179.99
Asus PRIME B550M-A WIFI II,0.0115985957966688,AM4,MICRO ATX,128,4,Blue / Silver,DDR4,SATA Only,2020.0,104.99
ASRock B650M Pro RS WiFi,0.0231971915933377,AM5,MICRO ATX,192,4,Black / Silver,DDR5,"PCIe 4.0 NVMe, SATA",2022.0,149.99
ASRock B660M Pro RS,0.0090211300640757,LGA1700,MICRO ATX,128,4,Gray / Black,Unknown,SATA Only,2021.0,94.99
MSI PRO B650M-P,0.0154647943955585,AM5,MICRO ATX,192,4,Black / Silver,DDR5,"PCIe 4.0 NVMe, SATA",2022.0,119.99
MSI MAG X670E TOMAHAWK WIFI,0.0515493146518617,AM5,ATX,192,4,Black,DDR5,"PCIe 5.0 NVMe, PCIe 4.0 NVMe, SATA",2022.0,259.99
MSI MAG B550 TOMAHAWK MAX WIFI,0.0257746573259308,AM4,ATX,128,4,Silver / Black,DDR4,SATA Only,2020.0,159.99
Asus ROG STRIX B550-F GAMING WIFI II,0.0335070545237101,AM4,ATX,128,4,Black / Red,DDR4,SATA Only,2020.0,189.99
MSI PRO B650M-A WIFI,0.0250014176061529,AM5,MICRO ATX,192,4,Black,DDR5,"PCIe 4.0 NVMe, SATA",2022.0,156.99
ASRock B650I Lightning Wifi,0.0360845202563031,AM5,MINI ITX,96,2,Black,DDR5,"PCIe 4.0 NVMe, SATA",2022.0,199.99
MSI B550M PRO-VDH WIFI,0.0103098629303723,AM4,MICRO ATX,128,4,Black,DDR4,SATA Only,2020.0,99.99
MSI PRO B650-S WIFI,0.0206197258607446,AM5,ATX,192,4,Black,DDR5,"PCIe 4.0 NVMe, SATA",2022.0,139.99
Gigabyte B650 EAGLE AX,0.0283521230585239,AM5,ATX,192,4,Gray / Black,DDR5,"PCIe 4.0 NVMe, SATA",2022.0,169.99
Asus ROG STRIX B650E-F GAMING WIFI,0.0515493146518617,AM5,ATX,192,4,Black,DDR5,"PCIe 4.0 NVMe, SATA",2022.0,259.99
Gigabyte B650 AORUS ELITE AX ICE,0.0438169174540824,AM5,ATX,192,4,Silver,DDR5,"PCIe 4.0 NVMe, SATA",2022.0,229.99
Gigabyte B650 AORUS ELITE AX,0.0360845202563031,AM5,ATX,192,4,Black / Silver,DDR5,"PCIe 4.0 NVMe, SATA",2022.0,199.99
Gigabyte B550M K,0.0090211300640757,AM4,MICRO ATX,128,4,Brown / Silver,DDR4,SATA Only,2020.0,94.99
Gigabyte X670E AORUS PRO X,0.061859177582234,AM5,ATX,192,4,White / Silver,DDR5,"PCIe 5.0 NVMe, PCIe 4.0 NVMe, SATA",2022.0,299.99
MSI PRO B550M-VC WIFI,0.0145781461835464,AM4,MICRO ATX,128,4,Black,DDR4,SATA Only,2020.0,116.55
Asus TUF GAMING B650-PLUS WIFI,0.0360845202563031,AM5,ATX,128,4,Black,DDR5,"PCIe 4.0 NVMe, SATA",2022.0,199.99
Gigabyte B550 UD AC,0.0103098629303723,AM4,ATX,128,4,Brown / Black,DDR4,SATA Only,2020.0,99.99
Asus ROG STRIX B650E-I GAMING WIFI,0.061859177582234,AM5,MINI ITX,96,2,Black,DDR5,"PCIe 4.0 NVMe, SATA",2022.0,299.99
MSI B550-A PRO,0.0128873286629654,AM4,ATX,128,4,Black / Silver,DDR4,SATA Only,2020.0,109.99
ASRock B650M Pro RS,0.0193309929944481,AM5,MICRO ATX,192,4,Black / Silver,DDR5,"PCIe 4.0 NVMe, SATA",2022.0,134.99
MSI PRO Z690-A WIFI,0.0231971915933377,LGA1700,ATX,192,4,Black / Silver,DDR5,"PCIe 4.0 NVMe, SATA",2021.0,149.99
ASRock B550M Pro4,0.0103098629303723,AM4,MICRO ATX,128,4,Silver / Black,DDR4,SATA Only,2020.0,99.99
Asus TUF GAMING B550-PLUS WIFI II,0.0190758238869214,AM4,ATX,128,4,Black / Gray,DDR4,SATA Only,2020.0,134.0
Gigabyte B650M D3HP,0.0154647943955585,AM5,MICRO ATX,192,4,Black,DDR5,"PCIe 4.0 NVMe, SATA",2022.0,119.99
MSI PRO B650-P WIFI,0.0265478970457087,AM5,ATX,192,4,Black,DDR5,"PCIe 4.0 NVMe, SATA",2022.0,162.99
Asus ROG STRIX B550-A GAMING,0.0288676162050425,AM4,ATX,128,4,Black / White,DDR4,SATA Only,2020.0,171.99
Gigabyte B650 GAMING X AX V2,0.0322183216574135,AM5,ATX,192,4,Gray / Black,DDR5,"PCIe 4.0 NVMe, SATA",2022.0,184.99
Asus ROG STRIX X670E-E GAMING WIFI,0.1005211635711303,AM5,ATX,192,4,Black / Silver,DDR5,"PCIe 5.0 NVMe, PCIe 4.0 NVMe, SATA",2022.0,449.99
NZXT N7 B650E,0.0567042461170478,AM5,ATX,128,4,White,DDR5,"PCIe 4.0 NVMe, SATA",2022.0,279.99
NZXT N7 B650E,0.0567042461170478,AM5,ATX,128,4,White,DDR5,"PCIe 4.0 NVMe, SATA",2022.0,279.99
NZXT N7 B650E,0.0567042461170478,AM5,ATX,128,4,White,DDR5,"PCIe 4.0 NVMe, SATA",2022.0,249.99
NZXT N7 B650E,0.0567042461170478,AM5,ATX,128,4,White,DDR5,"PCIe 4.0 NVMe, SATA",2022.0,249.99
ASRock Z690M-ITX/ax,0.0193309929944481,LGA1700,MINI ITX,64,2,Silver / Black,DDR5,"PCIe 4.0 NVMe, SATA",2021.0,134.99
Gigabyte B550M AORUS ELITE AX,0.0103098629303723,AM4,MICRO ATX,128,4,Black / Silver,DDR4,SATA Only,2020.0,99.99
MSI MPG B550 GAMING PLUS,0.0183025841671434,AM4,ATX,128,4,Black,DDR4,SATA Only,2020.0,131.0
Gigabyte B550 AORUS ELITE AX V2,0.0206197258607446,AM4,ATX,128,4,Black / Silver,DDR4,SATA Only,2020.0,139.99
Gigabyte B650M AORUS ELITE AX,0.0335070545237101,AM5,MICRO ATX,192,4,Black,DDR5,"PCIe 4.0 NVMe, SATA",2022.0,189.99
Asus TUF GAMING X570-PLUS (WI-FI),0.0345380408167473,AM4,ATX,128,4,Black / Gold,DDR4,"PCIe 3.0 NVMe, SATA",2020.0,193.99
Asus TUF GAMING X670E-PLUS WIFI,0.0541267803844547,AM5,ATX,192,4,Black / Orange,DDR5,"PCIe 5.0 NVMe, PCIe 4.0 NVMe, SATA",2022.0,269.99
ASRock B650M-HDV/M.2,0.0233827691260844,AM5,MICRO ATX,96,2,Silver / Black,DDR5,"PCIe 4.0 NVMe, SATA",2022.0,150.71
MSI MPG B650I EDGE WIFI,0.0518946950600291,AM5,MINI ITX,96,2,Black / Silver,DDR5,"PCIe 4.0 NVMe, SATA",2022.0,261.33
Gigabyte B650I AORUS ULTRA,0.0515493146518617,AM5,MINI ITX,96,2,Black / Silver,DDR5,"PCIe 4.0 NVMe, SATA",2022.0,259.99
Gigabyte B550 GAMING X V2,0.0085056369175571,AM4,ATX,128,4,Black,DDR4,SATA Only,2020.0,92.99
MSI X670E GAMING PLUS WIFI,0.0438169174540824,AM5,ATX,192,4,Silver / Black,DDR5,"PCIe 5.0 NVMe, PCIe 4.0 NVMe, SATA",2022.0,229.99
ASRock B650M-H/M.2+,0.0103098629303723,AM5,MICRO ATX,96,2,Silver / Black,DDR5,"PCIe 4.0 NVMe, SATA",2022.0,99.99
Asus ROG STRIX Z690-I GAMING WIFI,0.0335070545237101,LGA1700,MINI ITX,96,2,Black / Silver,DDR5,"PCIe 4.0 NVMe, SATA",2021.0,189.99
MSI MAG B550 TOMAHAWK,0.0206197258607446,AM4,ATX,128,4,Black / Silver,DDR4,SATA Only,2020.0,139.99
Gigabyte B650 AORUS ELITE AX V2,0.0329400120625396,AM5,ATX,192,4,Black / Silver,DDR5,"PCIe 4.0 NVMe, SATA",2022.0,187.79
ASRock B550M-ITX/ac,0.0180422601281515,AM4,MINI ITX,64,2,Silver / Black,DDR4,SATA Only,2020.0,129.99
ASRock B650 Steel Legend WiFi,0.030929588791117,AM5,ATX,192,4,White / Silver,DDR5,"PCIe 4.0 NVMe, SATA",2022.0,179.99
Asus ROG STRIX Z690-E GAMING WIFI,0.0440746640273417,LGA1700,ATX,192,4,Black,DDR5,"PCIe 4.0 NVMe, SATA",2021.0,230.99
Asus PRIME X670-P WIFI,0.0386619859888962,AM5,ATX,192,4,Silver / Black,DDR5,SATA Only,2022.0,209.99
Asus ROG CROSSHAIR X670E HERO,0.1494930124903989,AM5,ATX,192,4,Black / Silver,DDR5,"PCIe 5.0 NVMe, PCIe 4.0 NVMe, SATA",2022.0,639.99
ASRock X670E Steel Legend,0.0515493146518617,AM5,ATX,192,4,Black / White,DDR5,"PCIe 5.0 NVMe, PCIe 4.0 NVMe, SATA",2022.0,259.99
Gigabyte B550I AORUS PRO AX,0.0335070545237101,AM4,MINI ITX,64,2,Black / Silver,DDR4,SATA Only,2020.0,189.99
Gigabyte B650M D3HP AX,0.0193309929944481,AM5,MICRO ATX,192,4,Black / Gray,DDR5,"PCIe 4.0 NVMe, SATA",2022.0,134.99
Gigabyte B550M DS3H AC,0.0126295820897061,AM4,MICRO ATX,128,4,Black,DDR4,SATA Only,2020.0,108.99
NZXT N7 B650E,0.0489718489192686,AM5,ATX,128,4,Black,DDR5,"PCIe 4.0 NVMe, SATA",2022.0,279.99
NZXT N7 B650E,0.0489718489192686,AM5,ATX,128,4,Black,DDR5,"PCIe 4.0 NVMe, SATA",2022.0,279.99
NZXT N7 B650E,0.0489718489192686,AM5,ATX,128,4,Black,DDR5,"PCIe 4.0 NVMe, SATA",2022.0,249.99
NZXT N7 B650E,0.0489718489192686,AM5,ATX,128,4,Black,DDR5,"PCIe 4.0 NVMe, SATA",2022.0,249.99
Asus ProArt X670E-CREATOR WIFI,0.0940774992396476,AM5,ATX,192,4,Black / Copper,DDR5,"PCIe 5.0 NVMe, PCIe 4.0 NVMe, SATA",2022.0,424.99
Gigabyte X670 AORUS ELITE AX (rev. 1.0),0.0541267803844547,AM5,ATX,192,4,Black,DDR5,SATA Only,2022.0,269.99
ASRock B650E PG RIPTIDE WIFI,0.0335070545237101,AM5,ATX,192,4,Black / Blue,DDR5,"PCIe 4.0 NVMe, SATA",2022.0,189.99
MSI B650M GAMING PLUS WIFI,0.0542728816119966,AM5,MICRO ATX,192,4,Silver / Black,DDR5,"PCIe 4.0 NVMe, SATA",2022.0,270.5568406205924
ASRock Z690 Extreme,0.0180422601281515,LGA1700,ATX,128,4,Black / Silver,DDR5,"PCIe 4.0 NVMe, SATA",2021.0,129.99
Gigabyte B650E AORUS ELITE X AX ICE,0.0489718489192686,AM5,ATX,192,4,Silver / White,DDR5,"PCIe 4.0 NVMe, SATA",2022.0,249.99
Gigabyte B550M DS3H,0.0074772280902525,AM4,MICRO ATX,128,4,Black / Gold,DDR4,SATA Only,2020.0,89.0
Asus ROG STRIX B650E-E GAMING WIFI,0.0698879833392615,AM5,ATX,192,4,Black,DDR5,"PCIe 4.0 NVMe, SATA",2022.0,331.14
Asus ROG STRIX B550-F GAMING,0.0255169107526715,AM4,ATX,128,4,Black,DDR4,SATA Only,2020.0,158.99
ASRock B550 Phantom Gaming 4/ac,0.0077323971977792,AM4,ATX,128,4,Silver / Black,DDR4,SATA Only,2020.0,89.99
ASRock B650M PG RIPTIDE WIFI,0.0283521230585239,AM5,MICRO ATX,192,4,Black,DDR5,"PCIe 4.0 NVMe, SATA",2022.0,169.99
Asus TUF GAMING B650M-PLUS WIFI,0.0335070545237101,AM5,MICRO ATX,192,4,Black,DDR5,"PCIe 4.0 NVMe, SATA",2022.0,189.99
Asus ROG STRIX X670E-F GAMING WIFI,0.0747465062451994,AM5,ATX,192,4,Black / Silver,DDR5,"PCIe 5.0 NVMe, PCIe 4.0 NVMe, SATA",2022.0,349.99
Asus PRIME B650-PLUS,0.0270633901922273,AM5,ATX,192,4,Black / Silver,DDR5,"PCIe 4.0 NVMe, SATA",2022.0,164.99
ASRock B550M-HDV,0.003863621133157,AM4,MICRO ATX,64,2,Black,DDR4,SATA Only,2020.0,74.98
ASRock B550M PG RIPTIDE,0.0110805251844176,AM4,MICRO ATX,128,4,Unknown,DDR4,SATA Only,2020.0,102.98
Asus ROG STRIX X670E-I GAMING WIFI,0.0940774992396476,AM5,MINI ITX,96,2,Black / Silver,DDR5,"PCIe 5.0 NVMe, PCIe 4.0 NVMe, SATA",2022.0,424.99
Gigabyte X670 GAMING X AX V2,0.0386619859888962,AM5,ATX,192,4,Black / Gray,DDR5,SATA Only,2022.0,209.99
ASRock Z690 Pro RS,0.0154647943955585,LGA1700,ATX,128,4,Silver / Black,DDR5,"PCIe 4.0 NVMe, SATA",2021.0,119.99
MSI MEG X670E GODLIKE,0.3162602003206367,AM5,EATX,192,4,Black,DDR5,"PCIe 5.0 NVMe, PCIe 4.0 NVMe, SATA",2022.0,1287.01
Asus TUF GAMING B550M-PLUS WIFI II,0.0366902247034625,AM4,MICRO ATX,128,4,Black / Gray,DDR4,SATA Only,2020.0,202.34
Asus ROG STRIX X670E-A GAMING WIFI,0.0708803076463098,AM5,ATX,192,4,Silver / Black,DDR5,"PCIe 5.0 NVMe, PCIe 4.0 NVMe, SATA",2022.0,334.99
ASRock B550 Phantom Gaming-ITX/ax,0.0257746573259308,AM4,MINI ITX,64,2,Silver / Black,DDR4,SATA Only,2020.0,159.99
Asus PRIME B660M-A WIFI D4,0.0286820386722958,LGA1700,MICRO ATX,128,4,Silver / Black,Unknown,SATA Only,2021.0,171.27
MSI MAG B650M MORTAR WIFI,0.0360742103933728,AM5,MICRO ATX,192,4,Black,DDR5,"PCIe 4.0 NVMe, SATA",2022.0,199.95
MSI PRO B550-VC,0.0206197258607446,AM4,ATX,128,4,Black,DDR4,SATA Only,2020.0,139.99
Asus PRIME B550-PLUS,0.0128873286629654,AM4,ATX,128,4,Black / White,DDR4,SATA Only,2020.0,109.99
ASRock X670E PG Lightning,0.0460773549015665,AM5,ATX,192,4,Black,DDR5,"PCIe 5.0 NVMe, PCIe 4.0 NVMe, SATA",2022.0,238.76
ASRock B550 Phantom Gaming 4,0.0077323971977792,AM4,ATX,128,4,Silver / Black,DDR4,SATA Only,2020.0,89.99
MSI MPG X670E CARBON WIFI,0.0902113006407579,AM5,ATX,192,4,Black,DDR5,"PCIe 5.0 NVMe, PCIe 4.0 NVMe, SATA",2022.0,409.99
ASRock B650M PG Lightning Wifi,0.0542728816119966,AM5,MICRO ATX,192,4,Silver / Black,DDR5,"PCIe 4.0 NVMe, SATA",2022.0,270.5568406205924
MSI MPG B650 EDGE WIFI,0.0433014243075638,AM5,ATX,192,4,Black / Silver,DDR5,"PCIe 4.0 NVMe, SATA",2022.0,227.99
Asus PRIME X670E-PRO WIFI,0.0617998958703844,AM5,ATX,192,4,Silver / Black,DDR5,"PCIe 5.0 NVMe, PCIe 4.0 NVMe, SATA",2022.0,299.76
ASRock B650 LiveMixer,0.0203619792874853,AM5,ATX,192,4,Orange / Black,DDR5,"PCIe 4.0 NVMe, SATA",2022.0,138.99
Asus PRIME B650M-A WIFI II,0.042932846707803,AM5,MICRO ATX,192,4,Black / Silver,DDR5,"PCIe 4.0 NVMe, SATA",2022.0,226.56
Asus PRIME B550-PLUS AC-HES,0.0128873286629654,AM4,ATX,128,4,Silver / Black,DDR4,SATA Only,2020.0,109.99
ASRock B650 PRO RS,0.0474820737258298,AM5,ATX,192,4,Black / Silver,DDR5,"PCIe 4.0 NVMe, SATA",2022.0,244.21
Gigabyte B650I AX,0.0542728816119966,AM5,MINI ITX,96,2,Black,DDR5,"PCIe 4.0 NVMe, SATA",2022.0,270.5568406205924
Gigabyte X670E AORUS XTREME (rev. 1.0),0.152070478222992,AM5,EATX,192,4,Black,DDR5,"PCIe 5.0 NVMe, PCIe 4.0 NVMe, SATA",2022.0,649.99
ASRock B550M Steel Legend,0.0144312306367886,AM4,MICRO ATX,128,4,Silver / Black,DDR4,SATA Only,2020.0,115.98
NZXT N7 B550,0.0542728816119966,AM4,ATX,128,4,White / Black,DDR4,SATA Only,2020.0,270.5568406205924
NZXT N7 B550,0.0542728816119966,AM4,ATX,128,4,White / Black,DDR4,SATA Only,2020.0,270.5568406205924
NZXT N7 B550,0.0542728816119966,AM4,ATX,128,4,White / Black,DDR4,SATA Only,2020.0,270.5568406205924
NZXT N7 B550,0.0542728816119966,AM4,ATX,128,4,White / Black,DDR4,SATA Only,2020.0,270.5568406205924
ASRock B650 PG LIGHTNING,0.0231971915933377,AM5,ATX,192,4,Black,DDR5,"PCIe 4.0 NVMe, SATA",2022.0,149.99
ASRock X670E Taichi,0.0902113006407579,AM5,EATX,192,4,Black,DDR5,"PCIe 5.0 NVMe, PCIe 4.0 NVMe, SATA",2022.0,409.99
Gigabyte B550M AORUS ELITE,0.0186299223151828,AM4,MICRO ATX,128,4,Black / Orange,DDR4,SATA Only,2020.0,132.27
Gigabyte X670E AORUS MASTER (rev. 1.0),0.0854996932815778,AM5,EATX,192,4,Black / Silver,DDR5,"PCIe 5.0 NVMe, PCIe 4.0 NVMe, SATA",2022.0,391.71
ASRock B650E Taichi Lite,0.0515493146518617,AM5,EATX,192,4,Black / Gray,DDR5,"PCIe 4.0 NVMe, SATA",2022.0,259.99
Gigabyte B650M GAMING X AX,0.0399172118006691,AM5,MICRO ATX,192,4,Black,DDR5,"PCIe 4.0 NVMe, SATA",2022.0,214.86
MSI MAG Z690 TOMAHAWK WIFI DDR4,0.0542728816119966,LGA1700,ATX,128,4,Black / Silver,DDR5,"PCIe 4.0 NVMe, SATA",2021.0,270.5568406205924
ASRock B660M-HDV,0.0090211300640757,LGA1700,MICRO ATX,64,2,Gray / Black,Unknown,SATA Only,2021.0,94.99
MSI PRO B650M-B,0.0542728816119966,AM5,MICRO ATX,96,2,Black,DDR5,"PCIe 4.0 NVMe, SATA",2022.0,270.5568406205924
Asus ROG STRIX Z690-A GAMING WIFI D4,0.0870848347071225,LGA1700,ATX,128,4,Silver / Black,DDR5,"PCIe 4.0 NVMe, SATA",2021.0,397.86
MSI MEG X670E ACE,0.1598028754207713,AM5,EATX,192,4,Black / Gold,DDR5,"PCIe 5.0 NVMe, PCIe 4.0 NVMe, SATA",2022.0,679.99
ASRock X670E Taichi Carrara,0.0953662321059441,AM5,EATX,192,4,Black / White,DDR5,"PCIe 5.0 NVMe, PCIe 4.0 NVMe, SATA",2022.0,429.99
MSI PRO Z690-A WIFI DDR4,0.0335070545237101,LGA1700,ATX,128,4,Black / Silver,DDR5,"PCIe 4.0 NVMe, SATA",2021.0,189.99
Gigabyte B650M DS3H,0.034419477393048,AM5,MICRO ATX,192,4,Brown / Black,DDR5,"PCIe 4.0 NVMe, SATA",2022.0,193.53
Gigabyte B650M K,0.0154647943955585,AM5,MICRO ATX,192,4,Brown / Silver,DDR5,"PCIe 4.0 NVMe, SATA",2022.0,119.99
Gigabyte B550 AORUS ELITE V2,0.0292104191474774,AM4,ATX,128,4,Black,DDR4,SATA Only,2020.0,173.32
MSI MPG B650 CARBON WIFI,0.1027068545123692,AM5,ATX,192,4,Black,DDR5,"PCIe 4.0 NVMe, SATA",2022.0,458.47
Gigabyte B650M AORUS ELITE AX ICE,0.0542728816119966,AM5,MICRO ATX,192,4,Silver,DDR5,"PCIe 4.0 NVMe, SATA",2022.0,270.5568406205924
Gigabyte B650 UD AC,0.0283521230585239,AM5,ATX,192,4,Black / Gray,DDR5,"PCIe 4.0 NVMe, SATA",2022.0,169.99
ASRock B550 Pro4,0.0153823154921155,AM4,ATX,128,4,Silver / Black,DDR4,SATA Only,2020.0,119.67
MSI MAG B660 TOMAHAWK WIFI DDR4,0.0452345236070086,LGA1700,ATX,128,4,Black / Silver,Unknown,SATA Only,2021.0,235.49
Asus PRIME B660-PLUS D4,0.0229471774172762,LGA1700,ATX,128,4,Silver / Black,Unknown,SATA Only,2021.0,149.02
MSI MAG B550M MORTAR MAX WIFI,0.0231971915933377,AM4,MICRO ATX,128,4,Silver / Black,DDR4,SATA Only,2020.0,149.99
Asus ROG STRIX X570-E GAMING WIFI II,0.1028434601961967,AM4,ATX,128,4,Black,DDR4,"PCIe 3.0 NVMe, SATA",2020.0,459.0
Asus TUF GAMING B550-PLUS,0.0250039950718855,AM4,ATX,128,4,Black,DDR4,SATA Only,2020.0,157.0
ASRock B650E PG-ITX WIFI,0.0592817118496409,AM5,MINI ITX,96,2,Black / Red,DDR5,"PCIe 4.0 NVMe, SATA",2022.0,289.99
Asus TUF GAMING B650-PLUS,0.0516910752671543,AM5,ATX,128,4,Black / Orange,DDR5,"PCIe 4.0 NVMe, SATA",2022.0,260.54
Asus PRIME X670-P,0.0415049306919464,AM5,ATX,192,4,Silver / Black,DDR5,SATA Only,2022.0,221.02
MSI PRO B550M-P GEN3,0.0112403280598384,AM4,MICRO ATX,128,4,Black,DDR4,SATA Only,2020.0,103.6
ASRock Z690 PG Riptide,0.016753527261855,LGA1700,ATX,128,4,Black / Silver,DDR5,"PCIe 4.0 NVMe, SATA",2021.0,124.99
MSI Z490-A PRO,0.0693364056724865,LGA1200,ATX,128,4,Black / Silver,DDR4,SATA Only,2020.0,329.0
MSI MEG Z690 ACE,0.0422704380145265,LGA1700,EATX,192,4,Black / Gold,DDR5,"PCIe 4.0 NVMe, SATA",2021.0,223.99
Asus ROG STRIX Z590-E GAMING WIFI,0.0746537174788261,LGA1200,ATX,128,4,Black,Unknown,SATA Only,2021.0,349.63
Asus ROG CROSSHAIR X670E GENE,0.1543231832732783,AM5,MICRO ATX,96,2,Black / Silver,DDR5,"PCIe 5.0 NVMe, PCIe 4.0 NVMe, SATA",2022.0,658.73
Asus TUF GAMING B650M-E WIFI,0.0431828608838645,AM5,MICRO ATX,192,4,Black,DDR5,"PCIe 4.0 NVMe, SATA",2022.0,227.53
Asus TUF GAMING Z690-PLUS WIFI,0.0412394517214893,LGA1700,ATX,192,4,Black / Gray,DDR5,"PCIe 4.0 NVMe, SATA",2021.0,219.99
ASRock Z690 Phantom Gaming 4/D5,0.0180422601281515,LGA1700,ATX,192,4,Black / Silver,DDR5,"PCIe 4.0 NVMe, SATA",2021.0,129.99
Asus PRIME Z490-P,0.0360845202563031,LGA1200,ATX,128,4,Black / Silver,DDR4,SATA Only,2020.0,199.99
MSI MEG X570 UNIFY,0.0542728816119966,AM4,ATX,128,4,Black,DDR4,"PCIe 3.0 NVMe, SATA",2020.0,270.5568406205924
ASRock B650E STEEL LEGEND WIFI,0.0360845202563031,AM5,ATX,192,4,Black / Silver,DDR5,"PCIe 4.0 NVMe, SATA",2022.0,199.99
MSI MEG Z690 UNIFY,0.0360845202563031,LGA1700,ATX,192,4,Black / Silver,DDR5,"PCIe 4.0 NVMe, SATA",2021.0,199.99
MSI PRO X670-P WIFI,0.0747465062451994,AM5,ATX,192,4,Black / White,DDR5,SATA Only,2022.0,349.99
ASRock Z690M Phantom Gaming 4,0.0103098629303723,LGA1700,MICRO ATX,128,4,Silver / Black,DDR5,"PCIe 4.0 NVMe, SATA",2021.0,99.99
MSI MPG X570 GAMING EDGE WIFI,0.0616040084747073,AM4,ATX,128,4,Black / Silver,DDR4,"PCIe 3.0 NVMe, SATA",2020.0,299.0
Asus TUF GAMING X670E-PLUS,0.0755558304852337,AM5,ATX,192,4,Black / Orange,DDR5,"PCIe 5.0 NVMe, PCIe 4.0 NVMe, SATA",2022.0,353.13
Asus TUF GAMING B660-PLUS WIFI D4,0.0401620710452654,LGA1700,ATX,128,4,Yellow / Black,Unknown,SATA Only,2021.0,215.81
Asus PRIME B550M-K,0.0141709065977967,AM4,MICRO ATX,128,4,Black / White,DDR4,SATA Only,2020.0,114.97
ASRock X570 Phantom Gaming-ITX/TB3,0.0616040084747073,AM4,MINI ITX,64,2,Black / Silver,DDR4,"PCIe 3.0 NVMe, SATA",2020.0,299.0
MSI MPG Z690 EDGE WIFI DDR4,0.0796462686028589,LGA1700,ATX,128,4,Black / Gray,DDR5,"PCIe 4.0 NVMe, SATA",2021.0,369.0
Asus PROART B650-CREATOR,0.0438169174540824,AM5,ATX,192,4,Black / Copper,DDR5,"PCIe 4.0 NVMe, SATA",2022.0,229.99
ASRock X670E Pro RS,0.0412394517214893,AM5,ATX,192,4,Black,DDR5,"PCIe 5.0 NVMe, PCIe 4.0 NVMe, SATA",2022.0,219.99
Asus TUF GAMING X570-PRO WIFI II,0.0542728816119966,AM4,ATX,128,4,Black,DDR4,"PCIe 3.0 NVMe, SATA",2020.0,270.5568406205924
ASRock X570 Phantom Gaming 4S,1.0,AM4,ATX,128,4,Black,DDR4,"PCIe 3.0 NVMe, SATA",2020.0,3939.77
ASRock Z690 Phantom Gaming-ITX/TB4,0.0347957873900066,LGA1700,MINI ITX,96,2,Black / Red,DDR5,"PCIe 4.0 NVMe, SATA",2021.0,194.99
Asus ROG STRIX B550-F GAMING (WI-FI),0.0693364056724865,AM4,ATX,128,4,Black,DDR4,SATA Only,2020.0,329.0
MSI MPG Z490 GAMING EDGE WIFI,0.0542728816119966,LGA1200,ATX,128,4,Black / Silver,DDR4,SATA Only,2020.0,270.5568406205924
Asus ROG STRIX B660-I GAMING WIFI,0.0542728816119966,LGA1700,MINI ITX,96,2,Black / Silver,Unknown,SATA Only,2021.0,270.5568406205924
Asus ROG STRIX B550-I GAMING,0.0542728816119966,AM4,MINI ITX,64,2,Black,DDR4,SATA Only,2020.0,270.5568406205924
Asus PRIME B650M-A AX II,0.0257746573259308,AM5,MICRO ATX,192,4,Black / Silver,DDR5,"PCIe 4.0 NVMe, SATA",2022.0,159.99
Gigabyte B650E AORUS MASTER,0.1000134028218094,AM5,ATX,192,4,Black / Silver,DDR5,"PCIe 4.0 NVMe, SATA",2022.0,448.02
Gigabyte X570 AORUS ELITE WIFI,0.0670141090474202,AM4,ATX,128,4,Black,DDR4,"PCIe 3.0 NVMe, SATA",2020.0,319.99
Asus PRIME X570-PRO,0.1027687136899514,AM4,ATX,128,4,Black / White,DDR4,"PCIe 3.0 NVMe, SATA",2020.0,458.71
Gigabyte X570SI AORUS PRO AX,0.0542728816119966,AM4,MINI ITX,64,2,Black / Silver,DDR4,"PCIe 3.0 NVMe, SATA",2020.0,270.5568406205924
MSI MPG X570 GAMING PLUS,0.0542728816119966,AM4,ATX,128,4,Black / Red,DDR4,"PCIe 3.0 NVMe, SATA",2020.0,270.5568406205924
ASRock X570 Phantom Gaming 4 WiFi ax,0.0180422601281515,AM4,ATX,128,4,Black,DDR4,"PCIe 3.0 NVMe, SATA",2020.0,129.99
Asus TUF GAMING B550M-PLUS,0.0542728816119966,AM4,MICRO ATX,128,4,Black,DDR4,SATA Only,2020.0,270.5568406205924
Asus ROG CROSSHAIR X670E EXTREME,0.0542728816119966,AM5,EATX,192,4,Black / Silver,DDR5,"PCIe 5.0 NVMe, PCIe 4.0 NVMe, SATA",2022.0,270.5568406205924
Gigabyte Z690 AORUS ELITE AX DDR4,0.0512915680786023,LGA1700,ATX,128,4,Black / Silver,DDR5,"PCIe 4.0 NVMe, SATA",2021.0,258.99
Asus ROG Strix X570-I Gaming,0.1234631860569413,AM4,MINI ITX,64,2,Black,DDR4,"PCIe 3.0 NVMe, SATA",2020.0,539.0
ASRock B650M PG RIPTIDE,0.0323059554923217,AM5,MICRO ATX,192,4,Black,DDR5,"PCIe 4.0 NVMe, SATA",2022.0,185.33
Asus ROG STRIX Z690-F GAMING WIFI,0.0685631659527086,LGA1700,ATX,192,4,Black / Silver,DDR5,"PCIe 4.0 NVMe, SATA",2021.0,326.0
Asus PRIME B660M-K D4,0.0139002726958745,LGA1700,MICRO ATX,64,2,Silver / Black,Unknown,SATA Only,2021.0,113.92
Gigabyte B650 AORUS PRO AX,0.0790921134703514,AM5,ATX,192,4,Black,DDR5,"PCIe 4.0 NVMe, SATA",2022.0,366.85
Asus PRIME Z690-P WIFI,0.030929588791117,LGA1700,ATX,192,4,Silver / Black,DDR5,"PCIe 4.0 NVMe, SATA",2021.0,179.99
Gigabyte B650 AERO G,0.0515493146518617,AM5,ATX,192,4,Black / Silver,DDR5,"PCIe 4.0 NVMe, SATA",2022.0,259.99
ASRock B550M Phantom Gaming 4,0.0115985957966688,AM4,MICRO ATX,128,4,Black,DDR4,SATA Only,2020.0,104.99
Gigabyte X570 AORUS ELITE,0.0542728816119966,AM4,ATX,128,4,Black / Silver,DDR4,"PCIe 3.0 NVMe, SATA",2020.0,270.5568406205924
MSI MAG X570 TOMAHAWK WIFI,0.0542728816119966,AM4,ATX,128,4,Black,DDR4,"PCIe 3.0 NVMe, SATA",2020.0,270.5568406205924
Asus ROG STRIX B660-A GAMING WIFI D4,0.0412394517214893,LGA1700,ATX,128,4,Silver / Black,Unknown,SATA Only,2021.0,219.99
ASRock B660M-ITX/ac,0.0542728816119966,LGA1700,MINI ITX,64,2,Silver / Black,Unknown,SATA Only,2021.0,270.5568406205924
Asus PRIME X570-P,0.0588435426751001,AM4,ATX,128,4,Black / White,DDR4,"PCIe 3.0 NVMe, SATA",2020.0,288.29
MSI MAG B550M MORTAR WIFI,0.0592327400007216,AM4,MICRO ATX,128,4,Silver / Black,DDR4,SATA Only,2020.0,289.8
Asus TUF GAMING Z690-PLUS WIFI D4,0.0542728816119966,LGA1700,ATX,128,4,Black / Silver,DDR5,"PCIe 4.0 NVMe, SATA",2021.0,270.5568406205924
Gigabyte B650M GAMING WIFI,0.0542728816119966,AM5,MICRO ATX,96,2,Black / Silver,DDR5,"PCIe 4.0 NVMe, SATA",2022.0,270.5568406205924
ASRock X570 Steel Legend,0.0206197258607446,AM4,ATX,128,4,Black / Silver,DDR4,"PCIe 3.0 NVMe, SATA",2020.0,139.99
Asus TUF GAMING X570-PLUS,0.0592482047951172,AM4,ATX,128,4,Black / Gold,DDR4,"PCIe 3.0 NVMe, SATA",2020.0,289.86
MSI MPG B550 GAMING EDGE WIFI,0.0542728816119966,AM4,ATX,128,4,Black / Silver,DDR4,SATA Only,2020.0,270.5568406205924
Gigabyte B650M GAMING PLUS WF,0.0257746573259308,AM5,MICRO ATX,192,4,Silver / Black,DDR5,"PCIe 4.0 NVMe, SATA",2022.0,159.99
Asus ROG Strix X570-E Gaming,0.1415054461850929,AM4,ATX,128,4,Black,DDR4,"PCIe 3.0 NVMe, SATA",2020.0,609.0
Asus TUF GAMING B660M-PLUS WIFI,0.0450721432658552,LGA1700,MICRO ATX,192,4,Yellow / Black,Unknown,SATA Only,2021.0,234.86
ASRock B650M PG Lightning,0.0542728816119966,AM5,MICRO ATX,192,4,Silver / Black,DDR5,"PCIe 4.0 NVMe, SATA",2022.0,270.5568406205924
ASRock X570S PG Riptide,0.0206197258607446,AM4,ATX,128,4,Black,DDR4,"PCIe 3.0 NVMe, SATA",2020.0,139.99
Gigabyte B660M DS3H AX DDR4,0.0542728816119966,LGA1700,MICRO ATX,128,4,Black,Unknown,SATA Only,2021.0,270.5568406205924
Asus ROG STRIX Z490-E GAMING,0.1079107578264746,LGA1200,ATX,128,4,Black,DDR4,SATA Only,2020.0,478.66
MSI PRO Z690-A DDR4,0.0335070545237101,LGA1700,ATX,128,4,Black / Silver,DDR5,"PCIe 4.0 NVMe, SATA",2021.0,189.99
ASRock X570 Steel Legend WiFi ax,0.0231971915933377,AM4,ATX,128,4,Black / Silver,DDR4,"PCIe 3.0 NVMe, SATA",2020.0,149.99
NZXT N7 B550,0.0542728816119966,AM4,ATX,128,4,Black,DDR4,SATA Only,2020.0,270.5568406205924
NZXT N7 B550,0.0542728816119966,AM4,ATX,128,4,Black,DDR4,SATA Only,2020.0,270.5568406205924
NZXT N7 B550,0.0542728816119966,AM4,ATX,128,4,Black,DDR4,SATA Only,2020.0,270.5568406205924
NZXT N7 B550,0.0542728816119966,AM4,ATX,128,4,Black,DDR4,SATA Only,2020.0,270.5568406205924
ASRock B550 Steel Legend,0.0244885019253668,AM4,ATX,128,4,Silver / Black,DDR4,SATA Only,2020.0,155.0
MSI MAG X570S TOMAHAWK MAX WIFI,0.0542728816119966,AM4,ATX,128,4,Black,DDR4,"PCIe 3.0 NVMe, SATA",2020.0,270.5568406205924
ASRock Z690M PG RIPTIDE/D5,0.0542728816119966,LGA1700,MICRO ATX,192,4,Black / Silver,DDR5,"PCIe 4.0 NVMe, SATA",2021.0,270.5568406205924
ASRock X570 Taichi,0.0394352257086742,AM4,ATX,128,4,Black / Silver,DDR4,"PCIe 3.0 NVMe, SATA",2020.0,212.99
MSI MPG Z490 GAMING PLUS,0.0542728816119966,LGA1200,ATX,128,4,Black / Silver,DDR4,SATA Only,2020.0,270.5568406205924
Asus PRIME B550M-A,0.012338328461923,AM4,MICRO ATX,128,4,Black / White,DDR4,SATA Only,2020.0,107.86
Asus PRIME B550M-A AC,0.0103124403961049,AM4,MICRO ATX,128,4,Black / Silver,DDR4,SATA Only,2020.0,100.0
Asus ROG MAXIMUS Z690 HERO,0.113153323126569,LGA1700,ATX,192,4,Black / Silver,DDR5,"PCIe 4.0 NVMe, SATA",2021.0,499.0
ASRock X570 Pro4,0.0180422601281515,AM4,ATX,128,4,Black / Silver,DDR4,"PCIe 3.0 NVMe, SATA",2020.0,129.99
Asus ROG MAXIMUS Z690 FORMULA,0.1029078968395115,LGA1700,ATX,192,4,Silver / Black,DDR5,"PCIe 4.0 NVMe, SATA",2021.0,459.25
Asus TUF GAMING B650-E WIFI,0.0335070545237101,AM5,ATX,192,4,Black / Orange,DDR5,"PCIe 4.0 NVMe, SATA",2022.0,189.99
Asus PRIME Z690-A,0.0512915680786023,LGA1700,ATX,192,4,Silver / Black,DDR5,"PCIe 4.0 NVMe, SATA",2021.0,258.99
MSI B550M PRO-VDH,0.0173695415719448,AM4,MICRO ATX,128,4,Black,DDR4,SATA Only,2020.0,127.38
Asus PRIME Z690-P D4,0.0642510657820804,LGA1700,ATX,128,4,Silver / Black,DDR5,"PCIe 4.0 NVMe, SATA",2021.0,309.27
Asus ROG STRIX B550-E GAMING,0.0451082277861115,AM4,ATX,128,4,Black,DDR4,SATA Only,2020.0,235.0
Asus TUF GAMING B650M-PLUS,0.0440591992329462,AM5,MICRO ATX,192,4,Black,DDR5,"PCIe 4.0 NVMe, SATA",2022.0,230.93
Asus PRIME B550M-K ARGB,0.0542728816119966,AM4,MICRO ATX,64,2,Black,DDR4,SATA Only,2020.0,270.5568406205924
ASRock X570 Taichi Razer Edition,0.0453633968936382,AM4,ATX,128,4,Black / Silver,DDR4,"PCIe 3.0 NVMe, SATA",2020.0,235.99
Gigabyte X570 I AORUS PRO WIFI,0.0770688028702658,AM4,MINI ITX,64,2,Black / Silver,DDR4,"PCIe 3.0 NVMe, SATA",2020.0,359.0
MSI PRO B660M-A WIFI DDR4,0.0542728816119966,LGA1700,MICRO ATX,128,4,Black / Silver,Unknown,SATA Only,2021.0,270.5568406205924
Asus PRIME B660M-A AC D4,0.0231971915933377,LGA1700,MICRO ATX,128,4,Silver / Black,Unknown,SATA Only,2021.0,149.99
MSI MAG Z690 TOMAHAWK WIFI,0.0502631592512977,LGA1700,ATX,192,4,Black / Silver,DDR5,"PCIe 4.0 NVMe, SATA",2021.0,255.0
Asus TUF Gaming Z590-PLUS WIFI,0.0542728816119966,LGA1200,ATX,128,4,Silver / Black,Unknown,SATA Only,2021.0,270.5568406205924
Asus Strix B550-XE Gaming WiFi,0.0412394517214893,AM4,ATX,128,4,Black,DDR4,SATA Only,2020.0,219.99
MSI MAG B660M MORTAR WIFI DDR4,0.0542728816119966,LGA1700,MICRO ATX,128,4,Silver / Black,Unknown,SATA Only,2021.0,270.5568406205924
MSI MPG Z690 CARBON WIFI,0.0979462753042698,LGA1700,ATX,192,4,Black / Silver,DDR5,"PCIe 4.0 NVMe, SATA",2021.0,440.0
ASRock Z690 Taichi,0.0386619859888962,LGA1700,ATX,192,4,Black / Copper,DDR5,"PCIe 4.0 NVMe, SATA",2021.0,209.99
ASRock X570 Phantom Gaming 4,0.0355716045755171,AM4,ATX,128,4,Black / Silver,DDR4,"PCIe 3.0 NVMe, SATA",2020.0,198.0
MSI X570-A PRO,0.0542728816119966,AM4,ATX,128,4,Black / Silver,DDR4,"PCIe 3.0 NVMe, SATA",2020.0,270.5568406205924
MSI B550M-A PRO,0.0542728816119966,AM4,MICRO ATX,64,2,Black,DDR4,SATA Only,2020.0,270.5568406205924
Gigabyte B550 VISION D-P,0.0542728816119966,AM4,ATX,128,4,White / Black,DDR4,SATA Only,2020.0,270.5568406205924
Gigabyte Z690 GAMING X DDR4,0.0438169174540824,LGA1700,ATX,128,4,Black / Gray,DDR5,"PCIe 4.0 NVMe, SATA",2021.0,229.99
Asus PRIME B550M-A/CSM,0.0146915546757805,AM4,MICRO ATX,128,4,Black / White,DDR4,SATA Only,2020.0,116.99
Asus ROG Strix X570-F Gaming,0.0734603508446355,AM4,ATX,128,4,Black,DDR4,"PCIe 3.0 NVMe, SATA",2020.0,345.0
ASRock B550M-C,0.0542728816119966,AM4,MICRO ATX,128,4,Black / Silver,DDR4,SATA Only,2020.0,270.5568406205924
Gigabyte B660M DS3H DDR4,0.0542728816119966,LGA1700,MICRO ATX,128,4,Black,Unknown,SATA Only,2021.0,270.5568406205924
Gigabyte B550 AORUS PRO AC,0.0635087556510936,AM4,ATX,128,4,Black / Orange,DDR4,SATA Only,2020.0,306.39
ASRock B660M Pro RS/ax,0.0542728816119966,LGA1700,MICRO ATX,128,4,Silver / Black,Unknown,SATA Only,2021.0,270.5568406205924
Asus ProArt B550-CREATOR,0.0463943831866755,AM4,ATX,128,4,Black,DDR4,SATA Only,2020.0,239.99
MSI MPG X570 GAMING PRO CARBON WIFI,0.0542728816119966,AM4,ATX,128,4,Black / Silver,DDR4,"PCIe 3.0 NVMe, SATA",2020.0,270.5568406205924
Asus PRIME Z590-A,0.0542728816119966,LGA1200,ATX,128,4,Silver / Black,Unknown,SATA Only,2021.0,270.5568406205924
ASRock B650E TAICHI,0.0799014377103856,AM5,EATX,192,4,Black,DDR5,"PCIe 4.0 NVMe, SATA",2022.0,369.99
Gigabyte X570S AORUS ELITE AX,0.0542728816119966,AM4,ATX,128,4,Black / Silver,DDR4,"PCIe 3.0 NVMe, SATA",2020.0,270.5568406205924
Gigabyte B650 Gaming X,0.0445643825165344,AM5,ATX,192,4,Black,DDR5,"PCIe 4.0 NVMe, SATA",2022.0,232.89
MSI MPG Z690 FORCE WIFI,0.0464072705153384,LGA1700,ATX,192,4,Silver / Black,DDR5,"PCIe 4.0 NVMe, SATA",2021.0,240.04
Gigabyte B550 AORUS ELITE AX,0.036579393676961,AM4,ATX,128,4,Black,DDR4,SATA Only,2020.0,201.91
MSI MAG Z490 TOMAHAWK,0.0760378165772286,LGA1200,ATX,128,4,Black / Silver,DDR4,SATA Only,2020.0,355.0
Gigabyte B650M S2H,0.0321667723427617,AM5,MICRO ATX,96,2,Black / Gray,DDR5,"PCIe 4.0 NVMe, SATA",2022.0,184.79
MSI PRO Z690-P DDR4,0.0283521230585239,LGA1700,ATX,128,4,Black / Silver,DDR5,"PCIe 4.0 NVMe, SATA",2021.0,169.99
Gigabyte X570 GAMING X,0.0438169174540824,AM4,ATX,128,4,Black / Silver,DDR4,"PCIe 3.0 NVMe, SATA",2020.0,229.99
MSI PRO B660M-A DDR4,0.0590265427421142,LGA1700,MICRO ATX,128,4,Black / Silver,Unknown,SATA Only,2021.0,289.0
Asus ROG MAXIMUS Z690 APEX,0.1391728396970962,LGA1700,ATX,96,2,Black / Silver,DDR5,"PCIe 4.0 NVMe, SATA",2021.0,599.95
ASRock Z690 Steel Legend WiFi 6E/D5,0.0335070545237101,LGA1700,ATX,192,4,Silver / Black,DDR5,"PCIe 4.0 NVMe, SATA",2021.0,189.99
Asus TUF GAMING B660M-PLUS WIFI D4,0.0456005237410368,LGA1700,MICRO ATX,128,4,Black / Orange,Unknown,SATA Only,2021.0,236.91
MSI Z590-A PRO,0.0542728816119966,LGA1200,ATX,128,4,Black,Unknown,SATA Only,2021.0,270.5568406205924
ASRock B550 Taichi Razer Edition,0.0283521230585239,AM4,ATX,128,4,Black / Silver,DDR4,SATA Only,2020.0,169.99
MSI MPG B550I GAMING EDGE WIFI,0.0542728816119966,AM4,MINI ITX,64,2,Black / Silver,DDR4,SATA Only,2020.0,270.5568406205924
Asus PRIME B650M-K,0.0542728816119966,AM5,MICRO ATX,96,2,Silver / Black,DDR5,"PCIe 4.0 NVMe, SATA",2022.0,270.5568406205924
Asus TUF GAMING B550-PLUS (WI-FI),0.0485800741279144,AM4,ATX,128,4,Black,DDR4,SATA Only,2020.0,248.47
Asus Prime Z590-P WiFi,0.0542728816119966,LGA1200,ATX,128,4,Black / Silver,Unknown,SATA Only,2021.0,270.5568406205924
Gigabyte X670 GAMING X AX (rev. 1.0),0.063879910716587,AM5,ATX,192,4,Black,DDR5,SATA Only,2022.0,307.83
Asus PRIME Z690-P WIFI D4,0.0818061848867719,LGA1700,ATX,128,4,Silver / Black,DDR5,"PCIe 4.0 NVMe, SATA",2021.0,377.38
Asus TUF GAMING B550M-E WIFI,0.0542728816119966,AM4,MICRO ATX,128,4,Orange / Black,DDR4,SATA Only,2020.0,270.5568406205924
Asus ProArt Z690-CREATOR WIFI,0.1621251720458376,LGA1700,ATX,192,4,Black / Copper,DDR5,"PCIe 4.0 NVMe, SATA",2021.0,689.0
ASRock B550 PG Velocita,0.0180422601281515,AM4,ATX,128,4,Silver / Black,DDR4,SATA Only,2020.0,129.99
Gigabyte Z690 AERO G,0.0542728816119966,LGA1700,ATX,128,4,Black / Silver,DDR5,"PCIe 4.0 NVMe, SATA",2021.0,270.5568406205924
Asus ROG STRIX Z690-G GAMING WIFI,0.0542728816119966,LGA1700,MICRO ATX,128,4,Black / Silver,DDR5,"PCIe 4.0 NVMe, SATA",2021.0,270.5568406205924
Gigabyte X570S AERO G,0.120602199093763,AM4,ATX,128,4,Black / White,DDR4,"PCIe 3.0 NVMe, SATA",2020.0,527.9
Asus TUF GAMING B550-PRO,0.0542728816119966,AM4,ATX,128,4,Black,DDR4,SATA Only,2020.0,270.5568406205924
ASRock B550M Pro RS,0.0542728816119966,AM4,MICRO ATX,128,4,White,DDR4,SATA Only,2020.0,270.5568406205924
Gigabyte X570 AORUS MASTER,0.0542728816119966,AM4,ATX,128,4,Black / Silver,DDR4,"PCIe 3.0 NVMe, SATA",2020.0,270.5568406205924
Asus TUF GAMING Z490-PLUS (WI-FI),0.0774811973874807,LGA1200,ATX,128,4,Black,DDR4,SATA Only,2020.0,360.6
Gigabyte X570 AORUS PRO WIFI,0.0747465062451994,AM4,ATX,128,4,Black / Silver,DDR4,"PCIe 3.0 NVMe, SATA",2020.0,349.99
ASRock B550 PG Riptide,0.0185577532746702,AM4,ATX,128,4,Black / Silver,DDR4,SATA Only,2020.0,131.99
MSI MPG X570S EDGE MAX WIFI,0.0542728816119966,AM4,ATX,128,4,Black / Silver,DDR4,"PCIe 3.0 NVMe, SATA",2020.0,270.5568406205924
MSI B650M GAMING WIFI,0.0542728816119966,AM5,MICRO ATX,96,2,Silver / Black,DDR5,"PCIe 4.0 NVMe, SATA",2022.0,270.5568406205924
Gigabyte B550M AORUS PRO-P,0.0542728816119966,AM4,MICRO ATX,128,4,Black,DDR4,SATA Only,2020.0,270.5568406205924
Asus ProArt B660-CREATOR D4,0.0283521230585239,LGA1700,ATX,128,4,Black,Unknown,SATA Only,2021.0,169.99
NZXT N5 Z690,0.0449767770337493,LGA1700,ATX,128,4,Black / White,DDR5,"PCIe 4.0 NVMe, SATA",2021.0,234.49
NZXT N5 Z690,0.0449767770337493,LGA1700,ATX,128,4,Black / White,DDR5,"PCIe 4.0 NVMe, SATA",2021.0,234.49
NZXT N5 Z690,0.0449767770337493,LGA1700,ATX,128,4,Black / White,DDR5,"PCIe 4.0 NVMe, SATA",2021.0,239.99
NZXT N5 Z690,0.0449767770337493,LGA1700,ATX,128,4,Black / White,DDR5,"PCIe 4.0 NVMe, SATA",2021.0,239.99
Asus PRIME B650M-A AX,0.0350329142374052,AM5,MICRO ATX,128,4,Black / Silver,DDR5,"PCIe 4.0 NVMe, SATA",2022.0,195.91
Gigabyte B550 GAMING X,0.0257746573259308,AM4,ATX,128,4,Black / Silver,DDR4,SATA Only,2020.0,159.99
Asus MAXIMUS Z690 HERO EVA,0.1173159302847068,LGA1700,ATX,128,4,Purple / Green,DDR5,"PCIe 4.0 NVMe, SATA",2021.0,515.15
Gigabyte Z690 AORUS ULTRA,0.0489718489192686,LGA1700,ATX,192,4,Black,DDR5,"PCIe 4.0 NVMe, SATA",2021.0,249.99
MSI Z590 PRO WIFI,0.0542728816119966,LGA1200,ATX,128,4,Black,Unknown,SATA Only,2021.0,270.5568406205924
Asus TUF GAMING Z690-PLUS D4,0.0547505270917423,LGA1700,ATX,128,4,Black / Silver,DDR5,"PCIe 4.0 NVMe, SATA",2021.0,272.41
Asus PRIME B660M-A D4,0.0542728816119966,LGA1700,MICRO ATX,128,4,Silver / Black,Unknown,SATA Only,2021.0,270.5568406205924
Gigabyte Z590 UD AC,0.0637665022243529,LGA1200,ATX,128,4,Black,Unknown,SATA Only,2021.0,307.39
MSI MPG X570S CARBON MAX WIFI,0.0542728816119966,AM4,ATX,128,4,Black / Silver,DDR4,"PCIe 3.0 NVMe, SATA",2020.0,270.5568406205924
Gigabyte Z690 UD AX DDR4,0.0542728816119966,LGA1700,ATX,128,4,Black,DDR5,"PCIe 4.0 NVMe, SATA",2021.0,270.5568406205924
MSI B550M PRO-VDH WIFI (CEC),0.0542728816119966,AM4,MICRO ATX,128,4,Black,DDR4,SATA Only,2020.0,270.5568406205924
Gigabyte X570S AORUS MASTER,0.0542728816119966,AM4,ATX,128,4,Black / Silver,DDR4,"PCIe 3.0 NVMe, SATA",2020.0,270.5568406205924
Gigabyte B550 AORUS ELITE,0.0451056503203789,AM4,ATX,128,4,Black / Silver,DDR4,SATA Only,2020.0,234.99
Asus ROG MAXIMUS Z690 EXTREME,0.0542728816119966,LGA1700,EATX,192,4,Unknown,DDR5,"PCIe 4.0 NVMe, SATA",2021.0,270.5568406205924
MSI MAG B550M MORTAR,0.0542728816119966,AM4,MICRO ATX,128,4,Black / Silver,DDR4,SATA Only,2020.0,270.5568406205924
MSI MEG Z590 UNIFY-X,0.0644675729036182,LGA1200,ATX,128,4,Black,Unknown,SATA Only,2021.0,310.11
NZXT N7 Z590,0.0542728816119966,LGA1200,ATX,128,4,White,Unknown,SATA Only,2021.0,270.5568406205924
NZXT N7 Z590,0.0542728816119966,LGA1200,ATX,128,4,White,Unknown,SATA Only,2021.0,270.5568406205924
NZXT N7 Z590,0.0542728816119966,LGA1200,ATX,128,4,White,Unknown,SATA Only,2021.0,270.5568406205924
NZXT N7 Z590,0.0542728816119966,LGA1200,ATX,128,4,White,Unknown,SATA Only,2021.0,270.5568406205924
Asus PRIME Z490-A,0.0542728816119966,LGA1200,ATX,128,4,Black / Silver,DDR4,SATA Only,2020.0,270.5568406205924
MSI PRO Z690-A,0.0542728816119966,LGA1700,ATX,192,4,Black / Silver,DDR5,"PCIe 4.0 NVMe, SATA",2021.0,270.5568406205924
MSI MAG B550M BAZOOKA,0.0542728816119966,AM4,MICRO ATX,128,4,Black / Silver,DDR4,SATA Only,2020.0,270.5568406205924
Asus PRIME B650M-A WIFI,0.0542728816119966,AM5,MICRO ATX,128,4,Silver / Black,DDR5,"PCIe 4.0 NVMe, SATA",2022.0,270.5568406205924
MSI MEG Z690I UNIFY,0.0542728816119966,LGA1700,MINI ITX,96,2,Black / Silver,DDR5,"PCIe 4.0 NVMe, SATA",2021.0,270.5568406205924
Asus Pro B550M-C/CSM,0.0108923701859383,AM4,MICRO ATX,128,4,Green,DDR4,SATA Only,2020.0,102.25
ASRock Z690 PG Velocita,0.0542728816119966,LGA1700,ATX,192,4,Silver / Black,DDR5,"PCIe 4.0 NVMe, SATA",2021.0,270.5568406205924
Gigabyte B660I AORUS Pro DDR4,0.0736562382403125,LGA1700,MINI ITX,64,2,Black,Unknown,SATA Only,2021.0,345.76
ASRock B550M/ac,0.0542728816119966,AM4,MICRO ATX,128,4,Black / White,DDR4,SATA Only,2020.0,270.5568406205924
Asus ROG STRIX B660-A GAMING WIFI,0.0542728816119966,LGA1700,ATX,128,4,Silver / Black,Unknown,SATA Only,2021.0,270.5568406205924
MSI MPG Z490 GAMING CARBON WIFI,0.0744913371376727,LGA1200,ATX,128,4,Black / Silver,DDR4,SATA Only,2020.0,349.0
MSI MPG Z690 EDGE WIFI,0.0877781729891901,LGA1700,ATX,192,4,Unknown,DDR5,"PCIe 4.0 NVMe, SATA",2021.0,400.55
Asus ROG STRIX Z590-A GAMING WIFI,0.1028434601961967,LGA1200,ATX,128,4,Silver / Black,Unknown,SATA Only,2021.0,459.0
Gigabyte Z690 AORUS ELITE AX,0.0360845202563031,LGA1700,ATX,192,4,Black,DDR5,"PCIe 4.0 NVMe, SATA",2021.0,199.99
Asus TUF GAMING B650M-E,0.0542728816119966,AM5,MICRO ATX,192,4,Black,DDR5,"PCIe 4.0 NVMe, SATA",2022.0,270.5568406205924
Asus TUF GAMING B550M-PLUS (WI-FI),0.0519952162236003,AM4,MICRO ATX,128,4,Black,DDR4,SATA Only,2020.0,261.72
MSI MPG B550 GAMING CARBON WIFI,0.0542728816119966,AM4,ATX,128,4,Black / Silver,DDR4,SATA Only,2020.0,270.5568406205924
Asus PRIME Z690-P,0.0542728816119966,LGA1700,ATX,192,4,Silver / Black,DDR5,"PCIe 4.0 NVMe, SATA",2021.0,270.5568406205924
Asus PRIME B650M-A II-CSM,0.0263958265674857,AM5,MICRO ATX,192,4,Silver / Black,DDR5,"PCIe 4.0 NVMe, SATA",2022.0,162.4
Asus PRIME Z590-P,0.0542728816119966,LGA1200,ATX,128,4,Silver / Black,Unknown,SATA Only,2021.0,270.5568406205924
MSI MAG Z590 TOMAHAWK WIFI,0.0542728816119966,LGA1200,ATX,128,4,Black,Unknown,SATA Only,2021.0,270.5568406205924
Asus PRIME B550M-A (WI-FI),0.0385356901679992,AM4,MICRO ATX,128,4,Black / White,DDR4,SATA Only,2020.0,209.5
Gigabyte B650M AORUS PRO AX,0.0542728816119966,AM5,MICRO ATX,192,4,Black,DDR5,"PCIe 4.0 NVMe, SATA",2022.0,270.5568406205924
Gigabyte Z590 VISION G,0.0746691822732216,LGA1200,ATX,128,4,Black / White,Unknown,SATA Only,2021.0,349.69
Gigabyte X570 AORUS XTREME,0.1822036301027377,AM4,EATX,128,4,Black / Silver,DDR4,"PCIe 3.0 NVMe, SATA",2020.0,766.9
MSI MAG B660M MORTAR DDR4,0.0469124537989267,LGA1700,MICRO ATX,128,4,Black / Silver,Unknown,SATA Only,2021.0,242.0
Gigabyte Z690 AORUS PRO,0.0953662321059441,LGA1700,ATX,192,4,Black,DDR5,"PCIe 4.0 NVMe, SATA",2021.0,429.99
ASRock Z690 Phantom Gaming 4,0.0386619859888962,LGA1700,ATX,128,4,Black / Silver,DDR5,"PCIe 4.0 NVMe, SATA",2021.0,209.99
Asus ROG STRIX Z690-A GAMING WIFI,0.0542728816119966,LGA1700,ATX,192,4,Black / Silver,DDR5,"PCIe 4.0 NVMe, SATA",2021.0,270.5568406205924
Asus PRIME X670-P WIFI-CSM,0.0542728816119966,AM5,ATX,192,4,Silver / Black,DDR5,SATA Only,2022.0,270.5568406205924
MSI MPG Z590 GAMING CARBON WIFI,0.0542728816119966,LGA1200,ATX,128,4,Black,Unknown,SATA Only,2021.0,270.5568406205924
Gigabyte X570S AORUS ELITE,0.0542728816119966,AM4,ATX,128,4,Black,DDR4,"PCIe 3.0 NVMe, SATA",2020.0,270.5568406205924
ASRock B550 Extreme4,0.0251096711669218,AM4,ATX,128,4,Blue / Black,DDR4,SATA Only,2020.0,157.41
Gigabyte Z690 AERO G DDR4,0.0467706931836341,LGA1700,ATX,128,4,Black / Silver,DDR5,"PCIe 4.0 NVMe, SATA",2021.0,241.45
Asus ProArt X570-CREATOR WIFI,0.0542728816119966,AM4,ATX,128,4,Black,DDR4,"PCIe 3.0 NVMe, SATA",2020.0,270.5568406205924
Asus ROG STRIX Z590-I GAMING WIFI,0.1002659944636036,LGA1200,MINI ITX,64,2,Black,Unknown,SATA Only,2021.0,449.0
Gigabyte B660 DS3H AC DDR4,0.0542728816119966,LGA1700,ATX,128,4,Black,Unknown,SATA Only,2021.0,270.5568406205924
Gigabyte Z490 AORUS ELITE AC,0.0747465062451994,LGA1200,ATX,128,4,Black / Silver,DDR4,SATA Only,2020.0,349.99
Gigabyte Z690 AORUS MASTER,0.0542728816119966,LGA1700,EATX,192,4,Black,DDR5,"PCIe 4.0 NVMe, SATA",2021.0,270.5568406205924
Gigabyte Z590 AORUS ELITE AX,0.0542728816119966,LGA1200,ATX,128,4,Black,Unknown,SATA Only,2021.0,270.5568406205924
Biostar B550MH,0.0205346694915691,AM4,MICRO ATX,64,2,Black,DDR4,SATA Only,2020.0,139.66
ASRock B660M-C,0.0542728816119966,LGA1700,MICRO ATX,128,4,Black,Unknown,SATA Only,2021.0,270.5568406205924
Gigabyte X570S UD,0.0542728816119966,AM4,ATX,128,4,Black / Gray,DDR4,"PCIe 3.0 NVMe, SATA",2020.0,270.5568406205924
MSI PRO B660M-A WIFI,0.0542728816119966,LGA1700,MICRO ATX,192,4,Black / Silver,Unknown,SATA Only,2021.0,270.5568406205924
Gigabyte Z490 VISION G,0.0953662321059441,LGA1200,ATX,128,4,White / Black,DDR4,SATA Only,2020.0,429.99
Asus TUF GAMING X570-PRO (WI-FI),0.0542728816119966,AM4,ATX,128,4,Black / Gold,DDR4,"PCIe 3.0 NVMe, SATA",2020.0,270.5568406205924
Asus PRIME B650M-A-CSM,0.0262437560892627,AM5,MICRO ATX,128,4,Silver / Black,DDR5,"PCIe 4.0 NVMe, SATA",2022.0,161.81
Gigabyte X570 AORUS ULTRA,0.0542728816119966,AM4,ATX,128,4,Black / Silver,DDR4,"PCIe 3.0 NVMe, SATA",2020.0,270.5568406205924
Gigabyte B660 GAMING X AX DDR4,0.0295480671584471,LGA1700,ATX,128,4,Black,Unknown,SATA Only,2021.0,174.63
Asus Pro B650M-CT-CSM,0.0231971915933377,AM5,MICRO ATX,192,4,Green / Black,DDR5,"PCIe 4.0 NVMe, SATA",2022.0,149.99
ASRock B550 Taichi,0.0622921918253096,AM4,ATX,128,4,Gold / Black,DDR4,SATA Only,2020.0,301.67
MSI MAG X570S TORPEDO MAX,0.0542728816119966,AM4,ATX,128,4,Blue / Black,DDR4,"PCIe 3.0 NVMe, SATA",2020.0,270.5568406205924
MSI MPG Z590 GAMING PLUS,0.0542728816119966,LGA1200,ATX,128,4,Black,Unknown,SATA Only,2021.0,270.5568406205924
NZXT N5 Z690,0.0463943831866755,LGA1700,ATX,128,4,Black,DDR5,"PCIe 4.0 NVMe, SATA",2021.0,234.49
NZXT N5 Z690,0.0463943831866755,LGA1700,ATX,128,4,Black,DDR5,"PCIe 4.0 NVMe, SATA",2021.0,234.49
NZXT N5 Z690,0.0463943831866755,LGA1700,ATX,128,4,Black,DDR5,"PCIe 4.0 NVMe, SATA",2021.0,239.99
NZXT N5 Z690,0.0463943831866755,LGA1700,ATX,128,4,Black,DDR5,"PCIe 4.0 NVMe, SATA",2021.0,239.99
MSI MEG X570 ACE,0.0542728816119966,AM4,ATX,128,4,Black / Silver,DDR4,"PCIe 3.0 NVMe, SATA",2020.0,270.5568406205924
MSI PRO B660M-E DDR4,0.0542728816119966,LGA1700,MICRO ATX,64,2,Black / Silver,Unknown,SATA Only,2021.0,270.5568406205924
Gigabyte Z590 AORUS ULTRA,0.084801200068045,LGA1200,ATX,128,4,Black,Unknown,SATA Only,2021.0,389.0
MSI MPG B550I GAMING EDGE MAX WIFI,0.0542728816119966,AM4,MINI ITX,64,2,Black,DDR4,SATA Only,2020.0,270.5568406205924
MSI MAG B660M BAZOOKA DDR4,0.0432009031439927,LGA1700,MICRO ATX,128,4,Green / Black,Unknown,SATA Only,2021.0,227.6
ASRock X570M Pro4,0.0542728816119966,AM4,MICRO ATX,128,4,Black / Silver,DDR4,"PCIe 3.0 NVMe, SATA",2020.0,270.5568406205924
Gigabyte Z690 UD DDR4,0.0420513534272561,LGA1700,ATX,128,4,Black,DDR5,"PCIe 4.0 NVMe, SATA",2021.0,223.14
ASRock B660 Steel Legend,0.0542728816119966,LGA1700,ATX,128,4,Silver / Black,Unknown,SATA Only,2021.0,270.5568406205924
ASRock B650M-C,0.0542728816119966,AM5,MICRO ATX,192,4,Black,DDR5,"PCIe 4.0 NVMe, SATA",2022.0,270.5568406205924
MSI Z590 PLUS,0.0542728816119966,LGA1200,ATX,128,4,Black / Silver,Unknown,SATA Only,2021.0,270.5568406205924
Gigabyte B550 AORUS MASTER,0.0542728816119966,AM4,ATX,128,4,Black / Silver,DDR4,SATA Only,2020.0,270.5568406205924
Gigabyte X570 UD,0.0542728816119966,AM4,ATX,128,4,Black / Silver,DDR4,"PCIe 3.0 NVMe, SATA",2020.0,270.5568406205924
Gigabyte Z490I AORUS ULTRA,0.1051374046982045,LGA1200,MINI ITX,64,2,Black / Silver,DDR4,SATA Only,2020.0,467.9
MSI MEG X570S ACE MAX,0.0542728816119966,AM4,ATX,128,4,Black,DDR4,"PCIe 3.0 NVMe, SATA",2020.0,270.5568406205924
Gigabyte B550 VISION D,0.0542728816119966,AM4,ATX,128,4,White / Black,DDR4,SATA Only,2020.0,270.5568406205924
Gigabyte B550M AORUS PRO AX,0.0542728816119966,AM4,MICRO ATX,128,4,Black / Silver,DDR4,SATA Only,2020.0,270.5568406205924
Asus PRIME X670E-PRO WIFI-CSM,0.0542728816119966,AM5,ATX,192,4,Silver / Black,DDR5,"PCIe 5.0 NVMe, PCIe 4.0 NVMe, SATA",2022.0,270.5568406205924
MSI PRO B660-A DDR4,0.0542728816119966,LGA1700,ATX,128,4,Black / Silver,Unknown,SATA Only,2021.0,270.5568406205924
Gigabyte Z590 AORUS MASTER,0.1005211635711303,LGA1200,ATX,128,4,Black,Unknown,SATA Only,2021.0,449.99
Asus ROG STRIX Z490-I GAMING,0.0542728816119966,LGA1200,MINI ITX,64,2,Black,DDR4,SATA Only,2020.0,270.5568406205924
Gigabyte B550 AORUS PRO V2,0.0542728816119966,AM4,ATX,128,4,Black,DDR4,SATA Only,2020.0,270.5568406205924
ASRock Z690 STEEL LEGEND/D5,0.0542728816119966,LGA1700,ATX,192,4,Black / White,DDR5,"PCIe 4.0 NVMe, SATA",2021.0,270.5568406205924
ASRock Z690 Taichi Razer Edition,0.0542728816119966,LGA1700,ATX,192,4,Black,DDR5,"PCIe 4.0 NVMe, SATA",2021.0,270.5568406205924
Gigabyte Z590 AORUS XTREME,0.2032305955492321,LGA1200,EATX,128,4,Black,Unknown,SATA Only,2021.0,848.48
MSI B550-A PRO (CEC),0.0542728816119966,AM4,ATX,128,4,Black,DDR4,SATA Only,2020.0,270.5568406205924
MSI MPG Z590 GAMING EDGE WIFI,0.0542728816119966,LGA1200,ATX,128,4,Black,Unknown,SATA Only,2021.0,270.5568406205924
Gigabyte Z590 AORUS ELITE,0.0680554052033878,LGA1200,ATX,128,4,Black,Unknown,SATA Only,2021.0,324.03
ASRock B660 Pro RS,0.0542728816119966,LGA1700,ATX,128,4,Gray / Black,Unknown,SATA Only,2021.0,270.5568406205924
Biostar Z690 VALKYRIE,0.2076561042120945,LGA1700,ATX,192,4,Black / Gray,DDR5,"PCIe 4.0 NVMe, SATA",2021.0,865.65
ASRock Z590M Pro4,0.0489718489192686,LGA1200,MICRO ATX,128,4,Black / Silver,Unknown,SATA Only,2021.0,249.99
Asus PRIME Z690M-PLUS D4,0.0542728816119966,LGA1700,MICRO ATX,128,4,Silver / Black,DDR5,"PCIe 4.0 NVMe, SATA",2021.0,270.5568406205924
ASRock B660M Phantom Gaming 4,0.0542728816119966,LGA1700,MICRO ATX,128,4,Silver / Black,Unknown,SATA Only,2021.0,270.5568406205924
MSI PRO B660M-G DDR4,0.0542728816119966,LGA1700,MICRO ATX,64,2,Black / Silver,Unknown,SATA Only,2021.0,270.5568406205924
Gigabyte B660 DS3H DDR4,0.0369479712767218,LGA1700,ATX,128,4,Black,Unknown,SATA Only,2021.0,203.34
Asus ROG STRIX B660-F GAMING WIFI,0.0542728816119966,LGA1700,ATX,192,4,Black,Unknown,SATA Only,2021.0,270.5568406205924
ASRock Z590 Phantom Gaming-ITX/TB4,0.0744913371376727,LGA1200,MINI ITX,64,2,Black / Red,Unknown,SATA Only,2021.0,349.0
Gigabyte Z590 AORUS PRO AX,0.0634056570217899,LGA1200,ATX,128,4,Black,Unknown,SATA Only,2021.0,305.99
Asus ROG STRIX Z490-A GAMING,0.0542728816119966,LGA1200,ATX,128,4,Black / Silver,DDR4,SATA Only,2020.0,270.5568406205924
Asus TUF GAMING B660M-PLUS D4,0.0628076849718282,LGA1700,MICRO ATX,128,4,Orange / Black,Unknown,SATA Only,2021.0,303.67
ASRock Z590-C/ac,0.0542728816119966,LGA1200,ATX,128,4,Black,Unknown,SATA Only,2021.0,270.5568406205924
Colorful CVN X570M GAMING FROZEN V14,0.0542728816119966,AM4,MICRO ATX,128,4,White,DDR4,"PCIe 3.0 NVMe, SATA",2020.0,270.5568406205924
Asus ROG STRIX Z490-F GAMING,0.0542728816119966,LGA1200,ATX,128,4,Black,DDR4,SATA Only,2020.0,270.5568406205924
Asus PRIME B650M-R,0.0542728816119966,AM5,MICRO ATX,96,2,Silver / Black,DDR5,"PCIe 4.0 NVMe, SATA",2022.0,270.5568406205924
Gigabyte B660M AORUS Pro AX DDR4,0.0542728816119966,LGA1700,MICRO ATX,128,4,Black,Unknown,SATA Only,2021.0,270.5568406205924
MSI PRO B650-VC WIFI,0.0542728816119966,AM5,ATX,192,4,Black / Silver,DDR5,"PCIe 4.0 NVMe, SATA",2022.0,270.5568406205924
Asus Pro B660M-C D4-CSM,0.0180422601281515,LGA1700,MICRO ATX,128,4,Green / Black,Unknown,SATA Only,2021.0,129.99
ASRock Z690 Steel Legend,0.0542728816119966,LGA1700,ATX,128,4,Silver / Black,DDR5,"PCIe 4.0 NVMe, SATA",2021.0,270.5568406205924
NZXT N7 Z590,0.0542728816119966,LGA1200,ATX,128,4,Black,Unknown,SATA Only,2021.0,270.5568406205924
NZXT N7 Z590,0.0542728816119966,LGA1200,ATX,128,4,Black,Unknown,SATA Only,2021.0,270.5568406205924
NZXT N7 Z590,0.0542728816119966,LGA1200,ATX,128,4,Black,Unknown,SATA Only,2021.0,270.5568406205924
NZXT N7 Z590,0.0542728816119966,LGA1200,ATX,128,4,Black,Unknown,SATA Only,2021.0,270.5568406205924
Asus ROG STRIX Z490-G GAMING (WI-FI),0.0542728816119966,LGA1200,MICRO ATX,128,4,Black,DDR4,SATA Only,2020.0,270.5568406205924
MSI MEG Z490I UNIFY,0.0542728816119966,LGA1200,MINI ITX,64,2,Black / Silver,DDR4,SATA Only,2020.0,270.5568406205924
MSI MEG Z690 UNIFY-X,0.0542728816119966,LGA1700,ATX,96,2,Black / Silver,DDR5,"PCIe 4.0 NVMe, SATA",2021.0,270.5568406205924
MSI MAG Z690M MORTAR WIFI,0.0542728816119966,LGA1700,MICRO ATX,192,4,Silver / Black,DDR5,"PCIe 4.0 NVMe, SATA",2021.0,270.5568406205924
Gigabyte B550M S2H,0.0542728816119966,AM4,MICRO ATX,64,2,Black / Silver,DDR4,SATA Only,2020.0,270.5568406205924
MSI MEG B550 UNIFY,0.0542728816119966,AM4,ATX,128,4,Black / Silver,DDR4,SATA Only,2020.0,270.5568406205924
MSI MEG Z590 UNIFY,0.0542728816119966,LGA1200,ATX,128,4,Black,Unknown,SATA Only,2021.0,270.5568406205924
Asus PRIME B650M-A II,0.0542728816119966,AM5,MICRO ATX,192,4,Silver / Black,DDR5,"PCIe 4.0 NVMe, SATA",2022.0,270.5568406205924
Asus PRIME X670-P-CSM,0.0542728816119966,AM5,ATX,192,4,Silver / Black,DDR5,SATA Only,2022.0,270.5568406205924
Gigabyte B660 AORUS Master DDR4,0.0652433900891287,LGA1700,ATX,128,4,Black,Unknown,SATA Only,2021.0,313.12
Gigabyte B550M AORUS PRO,0.0542728816119966,AM4,MICRO ATX,128,4,Black / Silver,DDR4,SATA Only,2020.0,270.5568406205924
Biostar B660T-SILVER,0.0542728816119966,LGA1700,MINI ITX,64,2,Silver / Black,Unknown,SATA Only,2021.0,270.5568406205924
ASRock Z590 Pro4,0.0542728816119966,LGA1200,ATX,128,4,Black / Silver,Unknown,SATA Only,2021.0,270.5568406205924
Gigabyte Z590I AORUS ULTRA,0.1157307888591621,LGA1200,MINI ITX,64,2,Black,Unknown,SATA Only,2021.0,509.0
Asus TUF GAMING B550M-ZAKU (WI-FI),0.0542728816119966,AM4,MICRO ATX,128,4,Black / Red,DDR4,SATA Only,2020.0,270.5568406205924
Gigabyte Z590I VISION D,0.0542728816119966,LGA1200,MINI ITX,64,2,Black / White,Unknown,SATA Only,2021.0,270.5568406205924
Asus ROG STRIX Z590-F GAMING WIFI,0.0542728816119966,LGA1200,ATX,128,4,Black / Silver,Unknown,SATA Only,2021.0,270.5568406205924
MSI MAG B660M MORTAR MAX WIFI DDR4,0.0542728816119966,LGA1700,MICRO ATX,128,4,Black / Silver,Unknown,SATA Only,2021.0,270.5568406205924
MSI MPG Z490M GAMING EDGE WIFI,0.0542728816119966,LGA1200,MICRO ATX,128,4,Black / Silver,DDR4,SATA Only,2020.0,270.5568406205924
MSI PRO B650-VC WIFI II,0.0542728816119966,AM5,ATX,96,2,Black / White,DDR5,"PCIe 4.0 NVMe, SATA",2022.0,270.5568406205924
Gigabyte X670 AORUS ELITE AX (rev. 1.1),0.0542728816119966,AM5,ATX,192,4,Black,DDR5,SATA Only,2022.0,270.5568406205924
ASRock Z690 Extreme WiFi 6E,0.0542728816119966,LGA1700,ATX,128,4,Black / Blue,DDR5,"PCIe 4.0 NVMe, SATA",2021.0,270.5568406205924
ASRock X570 PG Velocita,0.0542728816119966,AM4,ATX,128,4,Black / Silver,DDR4,"PCIe 3.0 NVMe, SATA",2020.0,270.5568406205924
MSI MPG Z590 GAMING FORCE,0.0542728816119966,LGA1200,ATX,128,4,Black,Unknown,SATA Only,2021.0,270.5568406205924
ASRock Z490 Phantom Gaming-ITX/TB3,0.0542728816119966,LGA1200,MINI ITX,64,2,Black,DDR4,SATA Only,2020.0,270.5568406205924
Gigabyte Z490 AORUS ELITE,0.0690554619076339,LGA1200,ATX,128,4,Black / Silver,DDR4,SATA Only,2020.0,327.91
Gigabyte Z690I AORUS ULTRA PLUS DDR4 (rev. 1.0),0.0542728816119966,LGA1700,MINI ITX,64,2,Unknown,DDR5,"PCIe 4.0 NVMe, SATA",2021.0,270.5568406205924
Asus TUF GAMING Z490-PLUS,0.0542728816119966,LGA1200,ATX,128,4,Black,DDR4,SATA Only,2020.0,270.5568406205924
Gigabyte B660M AORUS ELITE AX DDR4,0.0542728816119966,LGA1700,MICRO ATX,128,4,Black,Unknown,SATA Only,2021.0,270.5568406205924
Gigabyte Z690 AORUS ELITE DDR4,0.0489718489192686,LGA1700,ATX,128,4,Black / Silver,DDR5,"PCIe 4.0 NVMe, SATA",2021.0,249.99
MSI MPG Z590M GAMING EDGE WIFI,0.0542728816119966,LGA1200,MICRO ATX,128,4,Black,Unknown,SATA Only,2021.0,270.5568406205924
MSI MAG B660 TOMAHAWK EVA e-PROJECT,0.0542728816119966,LGA1700,ATX,192,4,Purple / Black,Unknown,SATA Only,2021.0,270.5568406205924
Gigabyte B550 AORUS PRO,0.0542728816119966,AM4,ATX,128,4,Black / Orange,DDR4,SATA Only,2020.0,270.5568406205924
MSI PRO B550-P GEN3,0.0542728816119966,AM4,ATX,128,4,Brown / Black,DDR4,SATA Only,2020.0,270.5568406205924
Gigabyte B660 GAMING X DDR4,0.0542728816119966,LGA1700,ATX,128,4,Black,Unknown,SATA Only,2021.0,270.5568406205924
Asus Pro WS X570-ACE,0.1363505147199068,AM4,ATX,128,4,Black,DDR4,"PCIe 3.0 NVMe, SATA",2020.0,589.0
Biostar Z690A VALKYRIE,0.0542728816119966,LGA1700,ATX,128,4,Black / Gray,DDR5,"PCIe 4.0 NVMe, SATA",2021.0,270.5568406205924
MSI MEG X570 GODLIKE,0.0542728816119966,AM4,EATX,128,4,Black,DDR4,"PCIe 3.0 NVMe, SATA",2020.0,270.5568406205924
Asus Z590 WIFI GUNDAM EDITION,0.0542728816119966,LGA1200,ATX,128,4,Black / White,Unknown,SATA Only,2021.0,270.5568406205924
Gigabyte Z690I AORUS ULTRA LITE DDR4 (rev. 1.0),0.0542728816119966,LGA1700,MINI ITX,64,2,Silver / Black,DDR5,"PCIe 4.0 NVMe, SATA",2021.0,270.5568406205924
ASRock B650 Pro RS WiFi,0.0542728816119966,AM5,ATX,192,4,Silver / Black,DDR5,"PCIe 4.0 NVMe, SATA",2022.0,270.5568406205924
Gigabyte B650M AORUS ELITE,0.0542728816119966,AM5,MICRO ATX,192,4,Black,DDR5,"PCIe 4.0 NVMe, SATA",2022.0,270.5568406205924
Asus PRIME Z590-V,0.0542728816119966,LGA1200,ATX,128,4,Silver / Black,Unknown,SATA Only,2021.0,270.5568406205924
Gigabyte X570S GAMING X,0.0542728816119966,AM4,ATX,128,4,Black / Silver,DDR4,"PCIe 3.0 NVMe, SATA",2020.0,270.5568406205924
MSI PRO-B660M-A-CEC-WIFI-DDR4,0.0542728816119966,LGA1700,MICRO ATX,128,4,Black / Silver,Unknown,SATA Only,2021.0,270.5568406205924
Biostar B650MT,0.0542728816119966,AM5,MICRO ATX,96,2,Black / Silver,DDR5,"PCIe 4.0 NVMe, SATA",2022.0,270.5568406205924
MSI MAG B660 TOMAHAWK WIFI,0.0542728816119966,LGA1700,ATX,192,4,Black / Silver,Unknown,SATA Only,2021.0,270.5568406205924
ASRock B660M Steel Legend,0.0542728816119966,LGA1700,MICRO ATX,128,4,Silver / Black,Unknown,SATA Only,2021.0,270.5568406205924
ASRock Z590M-ITX/ax,0.0542728816119966,LGA1200,MINI ITX,64,2,Silver / Black,Unknown,SATA Only,2021.0,270.5568406205924
ASRock B660M Pro RS/D5,0.0542728816119966,LGA1700,MICRO ATX,192,4,Black / Gray,Unknown,SATA Only,2021.0,270.5568406205924
Asus ROG STRIX B660-G GAMING WIFI,0.0542728816119966,LGA1700,MICRO ATX,128,4,Black,Unknown,SATA Only,2021.0,270.5568406205924
Gigabyte Z490 UD,0.0542728816119966,LGA1200,ATX,128,4,Black / Silver,DDR4,SATA Only,2020.0,270.5568406205924
MSI MEG Z690 GODLIKE,0.0542728816119966,LGA1700,EATX,192,4,Black / Silver,DDR5,"PCIe 4.0 NVMe, SATA",2021.0,270.5568406205924
Gigabyte Z690M AORUS ELITE DDR4,0.0542728816119966,LGA1700,MICRO ATX,128,4,Black,DDR5,"PCIe 4.0 NVMe, SATA",2021.0,270.5568406205924
Biostar B550MX/E PRO,0.0542728816119966,AM4,MICRO ATX,128,4,Black / Silver,DDR4,SATA Only,2020.0,270.5568406205924
Gigabyte B660 DS3H AX DDR4,0.0542728816119966,LGA1700,ATX,128,4,Black,Unknown,SATA Only,2021.0,270.5568406205924
Asus PRIME Z590M-PLUS,0.0542728816119966,LGA1200,MICRO ATX,128,4,Silver / Black,Unknown,SATA Only,2021.0,270.5568406205924
Gigabyte B650M C V2,0.0542728816119966,AM5,MICRO ATX,192,4,Black / Gray,DDR5,"PCIe 4.0 NVMe, SATA",2022.0,270.5568406205924
Asus PRIME Z490-V,0.0542728816119966,LGA1200,ATX,128,4,Black / Silver,DDR4,SATA Only,2020.0,270.5568406205924
MSI MEG Z490 UNIFY,0.0542728816119966,LGA1200,ATX,128,4,Black / Silver,DDR4,SATA Only,2020.0,270.5568406205924
Biostar B550T-SILVER,0.0542728816119966,AM4,MINI ITX,64,2,Black / Silver,DDR4,SATA Only,2020.0,270.5568406205924
Gigabyte B550M GAMING,0.0542728816119966,AM4,MICRO ATX,64,2,Black / Silver,DDR4,SATA Only,2020.0,270.5568406205924
Asus PRIME B650-PLUS-CSM,0.0542728816119966,AM5,ATX,192,4,Silver / Black,DDR5,"PCIe 4.0 NVMe, SATA",2022.0,270.5568406205924
Biostar Z690GTA,0.0542728816119966,LGA1700,ATX,128,4,Blue / Black,DDR5,"PCIe 4.0 NVMe, SATA",2021.0,270.5568406205924
MSI MAG B660M MORTAR WIFI,0.0542728816119966,LGA1700,MICRO ATX,192,4,Silver / Black,Unknown,SATA Only,2021.0,270.5568406205924
Asus TUF GAMING Z590-PLUS,0.0542728816119966,LGA1200,ATX,128,4,Black,Unknown,SATA Only,2021.0,270.5568406205924
NZXT N7 Z490,0.0542728816119966,LGA1200,ATX,128,4,White / Black,DDR4,SATA Only,2020.0,270.5568406205924
NZXT N7 Z490,0.0542728816119966,LGA1200,ATX,128,4,White / Black,DDR4,SATA Only,2020.0,270.5568406205924
NZXT N7 Z490,0.0542728816119966,LGA1200,ATX,128,4,White / Black,DDR4,SATA Only,2020.0,270.5568406205924
NZXT N7 Z490,0.0542728816119966,LGA1200,ATX,128,4,White / Black,DDR4,SATA Only,2020.0,270.5568406205924
NZXT N7 Z490,0.0542728816119966,LGA1200,ATX,128,4,Black,DDR4,SATA Only,2020.0,270.5568406205924
NZXT N7 Z490,0.0542728816119966,LGA1200,ATX,128,4,Black,DDR4,SATA Only,2020.0,270.5568406205924
NZXT N7 Z490,0.0542728816119966,LGA1200,ATX,128,4,Black,DDR4,SATA Only,2020.0,270.5568406205924
NZXT N7 Z490,0.0542728816119966,LGA1200,ATX,128,4,Black,DDR4,SATA Only,2020.0,270.5568406205924
MSI B550M PRO,0.0542728816119966,AM4,MICRO ATX,64,2,Black,DDR4,SATA Only,2020.0,270.5568406205924
Gigabyte Z590 VISION D,0.0542728816119966,LGA1200,ATX,128,4,Black / White,Unknown,SATA Only,2021.0,270.5568406205924
Gigabyte Z690I AORUS ULTRA DDR4,0.0542728816119966,LGA1700,MINI ITX,64,2,Black / Silver,DDR5,"PCIe 4.0 NVMe, SATA",2021.0,270.5568406205924
MSI MEG X570S UNIFY-X MAX,0.0542728816119966,AM4,ATX,64,2,Black,DDR4,"PCIe 3.0 NVMe, SATA",2020.0,270.5568406205924
Gigabyte X570S AORUS PRO AX,0.0542728816119966,AM4,ATX,128,4,Black / Gray,DDR4,"PCIe 3.0 NVMe, SATA",2020.0,270.5568406205924
Gigabyte X570 AORUS PRO,0.0542728816119966,AM4,ATX,128,4,Black / Silver,DDR4,"PCIe 3.0 NVMe, SATA",2020.0,270.5568406205924
Gigabyte Z690I AORUS ULTRA LITE,0.0542728816119966,LGA1700,MINI ITX,96,2,Black,DDR5,"PCIe 4.0 NVMe, SATA",2021.0,270.5568406205924
Asus TUF GAMING B660M-E D4,0.0418322688399857,LGA1700,MICRO ATX,128,4,Black / Orange,Unknown,SATA Only,2021.0,222.29
Gigabyte B550 AORUS PRO AX,0.0542728816119966,AM4,ATX,128,4,Black,DDR4,SATA Only,2020.0,270.5568406205924
MSI MEG B550 UNIFY-X,0.0542728816119966,AM4,ATX,64,2,Black,DDR4,SATA Only,2020.0,270.5568406205924
ASRock Z590 Steel Legend,0.0542728816119966,LGA1200,ATX,128,4,Silver / Black,Unknown,SATA Only,2021.0,270.5568406205924
ASRock Z690 Steel Legend WiFi 6E,0.0542728816119966,LGA1700,ATX,128,4,Silver / Black,DDR5,"PCIe 4.0 NVMe, SATA",2021.0,270.5568406205924
MSI MEG Z490 ACE,0.0873786658006381,LGA1200,ATX,128,4,Black / Gold,DDR4,SATA Only,2020.0,399.0
Gigabyte Z690 AERO D,0.0542728816119966,LGA1700,EATX,192,4,Black / Silver,DDR5,"PCIe 4.0 NVMe, SATA",2021.0,270.5568406205924
ASRock Z590 Phantom Gaming 4,0.0542728816119966,LGA1200,ATX,128,4,Silver / Black,Unknown,SATA Only,2021.0,270.5568406205924
Gigabyte B660 AORUS Master,0.0880462294253797,LGA1700,ATX,192,4,Black,Unknown,SATA Only,2021.0,401.59
Gigabyte Z690 GAMING X,0.0542728816119966,LGA1700,ATX,192,4,Black / Gray,DDR5,"PCIe 4.0 NVMe, SATA",2021.0,270.5568406205924
EVGA Z690 DARK K|NGP|N,0.0542728816119966,LGA1700,EATX,64,2,Black / Gold,DDR5,"PCIe 4.0 NVMe, SATA",2021.0,270.5568406205924
Gigabyte B650M C,0.0542728816119966,AM5,MICRO ATX,192,4,Brown / Black,DDR5,"PCIe 4.0 NVMe, SATA",2022.0,270.5568406205924
Gigabyte Z490 AORUS MASTER,0.0878683842898308,LGA1200,ATX,128,4,Black / Silver,DDR4,SATA Only,2020.0,400.9
Gigabyte Z490 GAMING X,0.0542728816119966,LGA1200,ATX,128,4,Black / Silver,DDR4,SATA Only,2020.0,270.5568406205924
Gigabyte Z590 GAMING X,0.0542728816119966,LGA1200,ATX,128,4,Black / Silver,Unknown,SATA Only,2021.0,270.5568406205924
Gigabyte Z690 AORUS PRO DDR4,0.0542728816119966,LGA1700,ATX,128,4,Black / Silver,DDR5,"PCIe 4.0 NVMe, SATA",2021.0,270.5568406205924
Gigabyte Z690M AORUS ELITE AX DDR4,0.0542728816119966,LGA1700,MICRO ATX,128,4,Black,DDR5,"PCIe 4.0 NVMe, SATA",2021.0,270.5568406205924
Gigabyte B660M GAMING X AX DDR4,0.0542728816119966,LGA1700,MICRO ATX,128,4,Black,Unknown,SATA Only,2021.0,270.5568406205924
MSI PRO B650M-A,0.0542728816119966,AM5,MICRO ATX,192,4,Black / Silver,DDR5,"PCIe 4.0 NVMe, SATA",2022.0,270.5568406205924
Gigabyte Z690I AORUS ULTRA,0.0542728816119966,LGA1700,MINI ITX,96,2,Black / Silver,DDR5,"PCIe 4.0 NVMe, SATA",2021.0,270.5568406205924
Gigabyte B660M GAMING DDR4,0.0542728816119966,LGA1700,MICRO ATX,64,2,Black / Red,Unknown,SATA Only,2021.0,270.5568406205924
MSI MEG Z590 GODLIKE,0.1855775327467021,LGA1200,EATX,128,4,Black / Silver,Unknown,SATA Only,2021.0,779.99
Biostar B650MP-E PRO,0.0542728816119966,AM5,MICRO ATX,192,4,Black / Silver,DDR5,"PCIe 4.0 NVMe, SATA",2022.0,270.5568406205924
ASRock X570D4U-2L2T,0.0542728816119966,AM4,MICRO ATX,128,4,Green / Silver,DDR4,"PCIe 3.0 NVMe, SATA",2020.0,270.5568406205924
Gigabyte Z690I AORUS ULTRA PLUS (rev. 1.0),0.0542728816119966,LGA1700,MINI ITX,96,2,Unknown,DDR5,"PCIe 4.0 NVMe, SATA",2021.0,270.5568406205924
MSI MAG B550 TORPEDO,0.0542728816119966,AM4,ATX,128,4,Black,DDR4,SATA Only,2020.0,270.5568406205924
MSI MEG Z590 ACE,0.0542728816119966,LGA1200,ATX,128,4,Black,Unknown,SATA Only,2021.0,270.5568406205924
EVGA X570 DARK,0.0542728816119966,AM4,EATX,64,2,Black,DDR4,"PCIe 3.0 NVMe, SATA",2020.0,270.5568406205924
MSI PRO B660M-P DDR4,0.0542728816119966,LGA1700,MICRO ATX,128,4,Black / Silver,Unknown,SATA Only,2021.0,270.5568406205924
Gigabyte B650M H,0.0542728816119966,AM5,MICRO ATX,96,2,Black / Gray,DDR5,"PCIe 4.0 NVMe, SATA",2022.0,270.5568406205924
Biostar B660GTN,0.0542728816119966,LGA1700,MINI ITX,64,2,Blue / Black,Unknown,SATA Only,2021.0,270.5568406205924
MSI MAG B660M MORTAR,0.0542728816119966,LGA1700,MICRO ATX,192,4,Black / Silver,Unknown,SATA Only,2021.0,270.5568406205924
ASRock Z490 Phantom Gaming 4,0.0542728816119966,LGA1200,ATX,128,4,Black / Gray,DDR4,SATA Only,2020.0,270.5568406205924
MSI MAG Z690 TORPEDO,0.0542728816119966,LGA1700,ATX,192,4,Blue / Black,DDR5,"PCIe 4.0 NVMe, SATA",2021.0,270.5568406205924
MSI PRESTIGE X570 CREATION,0.0542728816119966,AM4,EATX,128,4,Black / Silver,DDR4,"PCIe 3.0 NVMe, SATA",2020.0,270.5568406205924
Asus PRIME X570-P/CSM,0.0542728816119966,AM4,ATX,128,4,Black / Silver,DDR4,"PCIe 3.0 NVMe, SATA",2020.0,270.5568406205924
ASRock Z590M Phantom Gaming 4,0.0542728816119966,LGA1200,MICRO ATX,128,4,Silver / Black,Unknown,SATA Only,2021.0,270.5568406205924
Biostar B660GTA,0.0542728816119966,LGA1700,ATX,128,4,Blue / Black,Unknown,SATA Only,2021.0,270.5568406205924
Colorful CVN B550M GAMING FROZEN V14,0.0542728816119966,AM4,MICRO ATX,128,4,White / Silver,DDR4,SATA Only,2020.0,270.5568406205924
Gigabyte B650 AORUS ELITE,0.0542728816119966,AM5,ATX,192,4,Black / Silver,DDR5,"PCIe 4.0 NVMe, SATA",2022.0,270.5568406205924
ASRock B650 PG Lightning WiFi,0.0542728816119966,AM5,ATX,192,4,Black / Gray,DDR5,"PCIe 4.0 NVMe, SATA",2022.0,270.5568406205924
Gigabyte Z490 AORUS PRO AX,0.1005211635711303,LGA1200,ATX,128,4,Black / Silver,DDR4,SATA Only,2020.0,449.99
Asus PRIME Z490M-PLUS,0.0542728816119966,LGA1200,MICRO ATX,128,4,Black / White,DDR4,SATA Only,2020.0,270.5568406205924
Gigabyte Z590 UD,0.0542728816119966,LGA1200,ATX,128,4,Black,Unknown,SATA Only,2021.0,270.5568406205924
MSI PRO-B660M-B-DDR4,0.0541293578501873,LGA1700,MICRO ATX,64,2,Black / Silver,Unknown,SATA Only,2021.0,270.0
ASRock X570 Phantom Gaming X,0.0542728816119966,AM4,ATX,128,4,Black / Silver,DDR4,"PCIe 3.0 NVMe, SATA",2020.0,270.5568406205924
ASRock Z490 Extreme4,0.0542728816119966,LGA1200,ATX,128,4,Black / Silver,DDR4,SATA Only,2020.0,270.5568406205924
ASRock Z490 Pro4,0.0542728816119966,LGA1200,ATX,128,4,Black / Silver,DDR4,SATA Only,2020.0,270.5568406205924
ASRock Z490M-ITX/ac,0.0542728816119966,LGA1200,MINI ITX,64,2,Black / Silver,DDR4,SATA Only,2020.0,270.5568406205924
Biostar Racing Z490A-Silver,0.0542728816119966,LGA1200,ATX,128,4,Black / White,DDR4,SATA Only,2020.0,270.5568406205924
Asus PRIME B650M-A,0.0542728816119966,AM5,MICRO ATX,128,4,Silver / Black,DDR5,"PCIe 4.0 NVMe, SATA",2022.0,270.5568406205924
ASRock Z590 Extreme WiFi 6E,0.0542728816119966,LGA1200,ATX,128,4,Black / Blue,Unknown,SATA Only,2021.0,270.5568406205924
Biostar B650EGTQ,0.0542728816119966,AM5,MICRO ATX,192,4,Black / Blue,DDR5,"PCIe 4.0 NVMe, SATA",2022.0,270.5568406205924
Biostar B660GTQ,0.0542728816119966,LGA1700,MICRO ATX,128,4,Blue / Black,Unknown,SATA Only,2021.0,270.5568406205924
ASRock Z490 Taichi,0.0542728816119966,LGA1200,ATX,128,4,Black / Gold,DDR4,SATA Only,2020.0,270.5568406205924
MSI MEG Z590I UNIFY,0.0542728816119966,LGA1200,MINI ITX,64,2,Black,Unknown,SATA Only,2021.0,270.5568406205924
Gigabyte Z490 AORUS ULTRA,0.0958817252524627,LGA1200,ATX,128,4,Black / Silver,DDR4,SATA Only,2020.0,431.99
Gigabyte Z690 UD AX,0.0542728816119966,LGA1700,ATX,192,4,Black,DDR5,"PCIe 4.0 NVMe, SATA",2021.0,270.5568406205924
Gigabyte Z690M DS3H DDR4,0.0542728816119966,LGA1700,MICRO ATX,128,4,Brown / Gray,DDR5,"PCIe 4.0 NVMe, SATA",2021.0,270.5568406205924
MSI PRO B660M-P WIFI DDR4,0.0542728816119966,LGA1700,MICRO ATX,128,4,Black,Unknown,SATA Only,2021.0,270.5568406205924
Gigabyte Z690 UD,0.0542728816119966,LGA1700,ATX,192,4,Black,DDR5,"PCIe 4.0 NVMe, SATA",2021.0,270.5568406205924
Gigabyte B660M GAMING AC DDR4,0.0542728816119966,LGA1700,MICRO ATX,64,2,Black / Red,Unknown,SATA Only,2021.0,270.5568406205924
Biostar X670E VALKYRIE,0.0542728816119966,AM5,ATX,192,4,Black,DDR5,"PCIe 5.0 NVMe, PCIe 4.0 NVMe, SATA",2022.0,270.5568406205924
Asus ROG STRIX Z490-H GAMING,0.0542728816119966,LGA1200,ATX,128,4,Black / Red,DDR4,SATA Only,2020.0,270.5568406205924
ASRock X570D4U,0.0542728816119966,AM4,MICRO ATX,128,4,Green,DDR4,"PCIe 3.0 NVMe, SATA",2020.0,270.5568406205924
Gigabyte B660M AORUS Pro DDR4,0.0542728816119966,LGA1700,MICRO ATX,128,4,Black,Unknown,SATA Only,2021.0,270.5568406205924
ASRock Z690-C/ac,0.0542728816119966,LGA1700,ATX,128,4,Black / Silver,DDR5,"PCIe 4.0 NVMe, SATA",2021.0,270.5568406205924
Gigabyte Z490 GAMING X AX,0.0662434467933748,LGA1200,ATX,128,4,Brown / Black,DDR4,SATA Only,2020.0,317.0
Gigabyte Z490M GAMING X,0.0542728816119966,LGA1200,MICRO ATX,128,4,Black / Silver,DDR4,SATA Only,2020.0,270.5568406205924
MSI MEG Z590 ACE GOLD EDITION,0.0542728816119966,LGA1200,ATX,128,4,Silver / Gold,Unknown,SATA Only,2021.0,270.5568406205924
EVGA Z690 CLASSIFIED,0.0542728816119966,LGA1700,EATX,128,4,Black / Silver,DDR5,"PCIe 4.0 NVMe, SATA",2021.0,270.5568406205924
MSI Z590 PRO WIFI (CEC),0.0542728816119966,LGA1200,ATX,128,4,Black / Silver,Unknown,SATA Only,2021.0,270.5568406205924
Gigabyte Z690 AORUS XTREME,0.0542728816119966,LGA1700,EATX,192,4,Black,DDR5,"PCIe 4.0 NVMe, SATA",2021.0,270.5568406205924
EVGA X570 FTW WIFI,0.0542728816119966,AM4,ATX,128,4,Black,DDR4,"PCIe 3.0 NVMe, SATA",2020.0,270.5568406205924
ASRock X570 Extreme4,0.0542728816119966,AM4,ATX,128,4,Black / Silver,DDR4,"PCIe 3.0 NVMe, SATA",2020.0,270.5568406205924
MSI MAG Z590 TORPEDO,0.0542728816119966,LGA1200,ATX,128,4,Black / Blue,Unknown,SATA Only,2021.0,270.5568406205924
ASRock Z590 Steel Legend WiFi 6E,0.0542728816119966,LGA1200,ATX,128,4,Silver / Black,Unknown,SATA Only,2021.0,270.5568406205924
Gigabyte B660M GAMING X DDR4,0.0542728816119966,LGA1700,MICRO ATX,128,4,Black,Unknown,SATA Only,2021.0,270.5568406205924
Gigabyte Z690 AORUS ELITE AX (rev. 1.4),0.0542728816119966,LGA1700,ATX,128,4,Black,DDR5,"PCIe 4.0 NVMe, SATA",2021.0,270.5568406205924
ASRock Z490 Steel Legend,0.0542728816119966,LGA1200,ATX,128,4,Black / Silver,DDR4,SATA Only,2020.0,270.5568406205924
Asus ProART Z490-CREATOR 10G,0.0542728816119966,LGA1200,ATX,128,4,Black,DDR4,SATA Only,2020.0,270.5568406205924
Asus PRIME B550M-K ARGB-CSM,0.0542728816119966,AM4,MICRO ATX,64,2,Black,DDR4,SATA Only,2020.0,270.5568406205924
MSI PRO B660M-G,0.0542728816119966,LGA1700,MICRO ATX,96,2,Black / Silver,Unknown,SATA Only,2021.0,270.5568406205924
Gigabyte Z490 AORUS XTREME,0.1742134863316992,LGA1200,EATX,128,4,Black / Silver,DDR4,SATA Only,2020.0,735.9
Gigabyte Z490M,0.0542728816119966,LGA1200,MICRO ATX,128,4,Black / Silver,DDR4,SATA Only,2020.0,270.5568406205924
MSI MEG Z490 GODLIKE,0.0542728816119966,LGA1200,EATX,128,4,Black / Silver,DDR4,SATA Only,2020.0,270.5568406205924
ASRock Z590 Extreme,0.0542728816119966,LGA1200,ATX,128,4,Black / Blue,Unknown,SATA Only,2021.0,270.5568406205924
Gigabyte B660M D2H DDR4,0.0542728816119966,LGA1700,MICRO ATX,64,2,Black,Unknown,SATA Only,2021.0,270.5568406205924
Biostar B550M-SILVER,0.0542728816119966,AM4,MICRO ATX,128,4,Black / Silver,DDR4,SATA Only,2020.0,270.5568406205924
Gigabyte Z490 VISION D,0.0542728816119966,LGA1200,ATX,128,4,Black / Silver,DDR4,SATA Only,2020.0,270.5568406205924
Biostar B550GTQ,0.0542728816119966,AM4,MICRO ATX,128,4,Black,DDR4,SATA Only,2020.0,270.5568406205924
Gigabyte Z590 AORUS TACHYON,0.1121609988195206,LGA1200,EATX,64,2,Black,Unknown,SATA Only,2021.0,495.15
MSI PRO B650M-E,0.0542728816119966,AM5,MICRO ATX,96,2,Black,DDR5,"PCIe 4.0 NVMe, SATA",2022.0,270.5568406205924
MSI PRO Z690-P WIFI,0.0542728816119966,LGA1700,ATX,192,4,Black,DDR5,"PCIe 4.0 NVMe, SATA",2021.0,270.5568406205924
Gigabyte B550M H,0.0542728816119966,AM4,MICRO ATX,64,2,Black / Silver,DDR4,SATA Only,2020.0,270.5568406205924
ASRock Z490M Pro4,0.0542728816119966,LGA1200,MICRO ATX,128,4,Black / Silver,DDR4,SATA Only,2020.0,270.5568406205924
ASRock B660M PG Riptide,0.0542728816119966,LGA1700,MICRO ATX,128,4,Black / Blue,Unknown,SATA Only,2021.0,270.5568406205924
ASRock Z690-C/D5,0.0542728816119966,LGA1700,ATX,192,4,Black / Silver,DDR5,"PCIe 4.0 NVMe, SATA",2021.0,270.5568406205924
Gigabyte B650E AORUS TACHYON,0.0542728816119966,AM5,ATX,96,2,Silver / Black,DDR5,"PCIe 4.0 NVMe, SATA",2022.0,270.5568406205924
ASRock Z590 Taichi,0.0542728816119966,LGA1200,ATX,128,4,Black / Silver,Unknown,SATA Only,2021.0,270.5568406205924
Gigabyte B660M D3H DDR4,0.0542728816119966,LGA1700,MICRO ATX,128,4,Black,Unknown,SATA Only,2021.0,270.5568406205924
Gigabyte Z690 AORUS ELITE AX DDR4 V2,0.0542728816119966,LGA1700,ATX,128,4,Black / Silver,DDR5,"PCIe 4.0 NVMe, SATA",2021.0,270.5568406205924
Gigabyte Z590M,0.0542728816119966,LGA1200,MICRO ATX,128,4,Black / Brown,Unknown,SATA Only,2021.0,270.5568406205924
EVGA Z490 DARK K|NGP|N,0.0542728816119966,LGA1200,EATX,64,2,Black / Yellow,DDR4,SATA Only,2020.0,270.5568406205924
ASRock Z490 Phantom Gaming 4/ax,0.0542728816119966,LGA1200,ATX,128,4,Black / Gray,DDR4,SATA Only,2020.0,270.5568406205924
Gigabyte Z590M GAMING X,0.0542728816119966,LGA1200,MICRO ATX,128,4,Black / Silver,Unknown,SATA Only,2021.0,270.5568406205924
Gigabyte Z690 UD AC,0.0542728816119966,LGA1700,ATX,192,4,Black,DDR5,"PCIe 4.0 NVMe, SATA",2021.0,270.5568406205924
Biostar B550MXC PRO,0.0542728816119966,AM4,MICRO ATX,128,4,Brown / Black,DDR4,SATA Only,2020.0,270.5568406205924
Asus PRIME B650M-A AX6 II,0.0542728816119966,AM5,MICRO ATX,192,4,Silver / Black,DDR5,"PCIe 4.0 NVMe, SATA",2022.0,270.5568406205924
ASRock X570 Creator,0.0542728816119966,AM4,ATX,128,4,Black / Silver,DDR4,"PCIe 3.0 NVMe, SATA",2020.0,270.5568406205924
Gigabyte Z490 UD AC,0.0542728816119966,LGA1200,ATX,128,4,Black / Silver,DDR4,SATA Only,2020.0,270.5568406205924
ASRock Z490 PG Velocita,0.0542728816119966,LGA1200,ATX,128,4,Black / Silver,DDR4,SATA Only,2020.0,270.5568406205924
Biostar B550GTA,0.0542728816119966,AM4,ATX,128,4,Black,DDR4,SATA Only,2020.0,270.5568406205924
EVGA Z590 FTW WIFI,0.0542728816119966,LGA1200,ATX,128,4,Black / Silver,Unknown,SATA Only,2021.0,270.5568406205924
Gigabyte B660M AORUS Pro AX,0.0542728816119966,LGA1700,MICRO ATX,192,4,Black,Unknown,SATA Only,2021.0,270.5568406205924
ASRock B660M-HDVP/D5 R2.0,0.0542728816119966,LGA1700,MICRO ATX,96,2,Black / Silver,Unknown,SATA Only,2021.0,270.5568406205924
ASRock X570 Extreme4 WiFi ax,0.0542728816119966,AM4,ATX,128,4,Black / Silver,DDR4,"PCIe 3.0 NVMe, SATA",2020.0,270.5568406205924
ASRock Z490 Phantom Gaming 4/ac,0.0542728816119966,LGA1200,ATX,128,4,Black / Gray,DDR4,SATA Only,2020.0,270.5568406205924
EVGA Z490 FTW WIFI,0.0542728816119966,LGA1200,ATX,128,4,Black,DDR4,SATA Only,2020.0,270.5568406205924
ASRock Z590 PG Velocita,0.0542728816119966,LGA1200,ATX,128,4,Silver / Black,Unknown,SATA Only,2021.0,270.5568406205924
ASRock Z590 Phantom Gaming 4/ac,0.0542728816119966,LGA1200,ATX,128,4,Silver / Black,Unknown,SATA Only,2021.0,270.5568406205924
Gigabyte Z490 UD AC-Y1,0.0542728816119966,LGA1200,ATX,128,4,Black,DDR4,SATA Only,2020.0,270.5568406205924
Colorful BATTLE-AX B550M-HD PRO V14,0.0542728816119966,AM4,MICRO ATX,64,2,Black,DDR4,SATA Only,2020.0,270.5568406205924
Biostar B660MX-E,0.0542728816119966,LGA1700,MICRO ATX,64,2,Gray / Black,Unknown,SATA Only,2021.0,270.5568406205924
Biostar B660MX-E PRO,0.0542728816119966,LGA1700,MICRO ATX,128,4,Black / Silver,Unknown,SATA Only,2021.0,270.5568406205924
Biostar Z490GTA EVO,0.0542728816119966,LGA1200,ATX,128,4,Black,DDR4,SATA Only,2020.0,270.5568406205924
Gigabyte B660-AORUS-ELITE-AX-DDR4,0.0542728816119966,LGA1700,ATX,128,4,Black,Unknown,SATA Only,2021.0,270.5568406205924
Asus ROG STRIX Z490-G GAMING,0.0542728816119966,LGA1200,MICRO ATX,128,4,Black,DDR4,SATA Only,2020.0,270.5568406205924
Supermicro C9Z490-PGW,0.0542728816119966,LGA1200,ATX,128,4,Black,DDR4,SATA Only,2020.0,270.5568406205924
Colorful CVN B550M GAMING PRO V14,0.0542728816119966,AM4,MICRO ATX,128,4,Black / Silver,DDR4,SATA Only,2020.0,270.5568406205924
MSI B550M PRO-DASH,0.0542728816119966,AM4,MICRO ATX,128,4,Black,DDR4,SATA Only,2020.0,270.5568406205924
Asus EX-B660M-V5 D4,0.0542728816119966,LGA1700,MICRO ATX,64,2,Red / Black,Unknown,SATA Only,2021.0,270.5568406205924
MSI PRO B660-A,0.0542728816119966,LGA1700,ATX,192,4,Black / Silver,Unknown,SATA Only,2021.0,270.5568406205924
Biostar B660MXC PRO,0.0542728816119966,LGA1700,MICRO ATX,128,4,Black / Silver,Unknown,SATA Only,2021.0,270.5568406205924
MSI Z490 PLUS,0.0542728816119966,LGA1200,ATX,128,4,Black,DDR4,SATA Only,2020.0,270.5568406205924
Biostar B650MS2-E,0.0542728816119966,AM5,MICRO ATX,96,2,Black,DDR5,"PCIe 4.0 NVMe, SATA",2022.0,270.5568406205924
EVGA Z590 DARK,0.1904772951043616,LGA1200,EATX,64,2,Black,Unknown,SATA Only,2021.0,799.0
Biostar X570GT,0.0542728816119966,AM4,MICRO ATX,128,4,Black,DDR4,"PCIe 3.0 NVMe, SATA",2020.0,270.5568406205924
Biostar Z490GTA,0.0542728816119966,LGA1200,ATX,128,4,Black,DDR4,SATA Only,2020.0,270.5568406205924
Gigabyte B660M GAMING X AX,0.0542728816119966,LGA1700,MICRO ATX,192,4,Black,Unknown,SATA Only,2021.0,270.5568406205924
Biostar B650M-SILVER,0.0542728816119966,AM5,MICRO ATX,192,4,Silver / Black,DDR5,"PCIe 4.0 NVMe, SATA",2022.0,270.5568406205924
Gigabyte Z690 AORUS TACHYON,0.0542728816119966,LGA1700,EATX,96,2,Black,DDR5,"PCIe 4.0 NVMe, SATA",2021.0,270.5568406205924
Gigabyte Z690 AORUS ELITE,0.0542728816119966,LGA1700,ATX,192,4,Black,DDR5,"PCIe 4.0 NVMe, SATA",2021.0,270.5568406205924
Gigabyte B660 GAMING X,0.0542728816119966,LGA1700,ATX,192,4,Black,Unknown,SATA Only,2021.0,270.5568406205924
Gigabyte B550 AORUS ELITE AX V3 (rev. 1.5),0.0542728816119966,AM4,ATX,128,4,Black,DDR4,SATA Only,2020.0,270.5568406205924
ASRock B660M-ITX/eDP,0.0542728816119966,LGA1700,MINI ITX,64,2,Black / Silver,Unknown,SATA Only,2021.0,270.5568406205924
ASRock Z590 Phantom Gaming 4/ac+,0.0542728816119966,LGA1200,ATX,128,4,Black,Unknown,SATA Only,2021.0,270.5568406205924
Gigabyte Z690 UD AX DDR4 V2,0.0542728816119966,LGA1700,ATX,128,4,Black,DDR5,"PCIe 4.0 NVMe, SATA",2021.0,270.5568406205924
MSI PRO-B660M-VC-WIFI-DDR4,0.0542728816119966,LGA1700,MICRO ATX,128,4,Black,Unknown,SATA Only,2021.0,270.5568406205924
Asus PRIME B650M-A AX6 II-CSM,0.0542728816119966,AM5,MICRO ATX,192,4,Black,DDR5,"PCIe 4.0 NVMe, SATA",2022.0,270.5568406205924
Asus PRIME B650M-A WIFI II-CSM,0.0542728816119966,AM5,MICRO ATX,192,4,Silver / Black,DDR5,"PCIe 4.0 NVMe, SATA",2022.0,270.5568406205924
Gigabyte Z490 AORUS ULTRA G2,0.0542728816119966,LGA1200,ATX,128,4,Black / Red,DDR4,SATA Only,2020.0,270.5568406205924
Supermicro C9Z490-PG,0.0542728816119966,LGA1200,ATX,128,4,Black,DDR4,SATA Only,2020.0,270.5568406205924
ASRock Z490D4U-2L2T,0.0542728816119966,LGA1200,MICRO ATX,128,4,Green / Blue,DDR4,SATA Only,2020.0,270.5568406205924
Biostar Z490GTN,0.0542728816119966,LGA1200,MINI ITX,64,2,Black,DDR4,SATA Only,2020.0,270.5568406205924
Biostar Z590I Valkyrie,0.0542728816119966,LGA1200,MINI ITX,64,2,Black / Gold,Unknown,SATA Only,2021.0,270.5568406205924
ASRock B660M-HDVP/D5,0.0542728816119966,LGA1700,MICRO ATX,96,2,Black / Silver,Unknown,SATA Only,2021.0,270.5568406205924
Gigabyte B660M GAMING X,0.0542728816119966,LGA1700,MICRO ATX,192,4,Black,Unknown,SATA Only,2021.0,270.5568406205924
MSI PRO B660M-B,0.0542728816119966,LGA1700,MICRO ATX,96,2,Black / Silver,Unknown,SATA Only,2021.0,270.5568406205924
Gigabyte B660-AORUS-ELITE-DDR4,0.0542728816119966,LGA1700,ATX,128,4,Black,Unknown,SATA Only,2021.0,270.5568406205924
Asus PRO-B660M-C-CSM,0.0542728816119966,LGA1700,MICRO ATX,128,4,Green / Black,Unknown,SATA Only,2021.0,270.5568406205924
Gigabyte B650M D2H,0.0542728816119966,AM5,MICRO ATX,96,2,Black,DDR5,"PCIe 4.0 NVMe, SATA",2022.0,270.5568406205924
Asus PRIME B650M-R-CSM,0.0542728816119966,AM5,MICRO ATX,96,2,Silver / Black,DDR5,"PCIe 4.0 NVMe, SATA",2022.0,270.5568406205924
Biostar Z590 VALKYRIE,0.0542728816119966,LGA1200,ATX,128,4,Black / Gold,Unknown,SATA Only,2021.0,270.5568406205924
ASRock Z490 Phantom Gaming 4/2.5G,0.0542728816119966,LGA1200,ATX,128,4,Black / Gray,DDR4,SATA Only,2020.0,270.5568406205924
Colorful CVN X570 GAMING PRO V14,0.0542728816119966,AM4,ATX,128,4,Black / Silver,DDR4,"PCIe 3.0 NVMe, SATA",2020.0,270.5568406205924
Colorful CVN X570M GAMING PRO V14,0.0542728816119966,AM4,MICRO ATX,128,4,Black / Silver,DDR4,"PCIe 3.0 NVMe, SATA",2020.0,270.5568406205924
Biostar Z590GTA,0.0542728816119966,LGA1200,ATX,128,4,Blue / Black,Unknown,SATA Only,2021.0,270.5568406205924
ASRock Z590 OC Formula,0.0542728816119966,LGA1200,EATX,64,2,Green / Black,Unknown,SATA Only,2021.0,270.5568406205924
Gigabyte B660M AORUS Pro,0.0542728816119966,LGA1700,MICRO ATX,192,4,Black,Unknown,SATA Only,2021.0,270.5568406205924
Gigabyte Z690 GAMING X DDR4 V2,0.0542728816119966,LGA1700,ATX,128,4,Black,DDR5,"PCIe 4.0 NVMe, SATA",2021.0,270.5568406205924
Asus Z490-GUNDAM (WI-FI),0.0542728816119966,LGA1200,ATX,128,4,Silver / Black,DDR4,SATA Only,2020.0,270.5568406205924
Biostar B650MT-E PRO,0.0542728816119966,AM5,MICRO ATX,192,4,Black / Silver,DDR5,"PCIe 4.0 NVMe, SATA",2022.0,270.5568406205924
Asus PRIME B650M-F,0.0542728816119966,AM5,MICRO ATX,96,2,Black / Silver,DDR5,"PCIe 4.0 NVMe, SATA",2022.0,270.5568406205924
Biostar Z590MHP,0.0542728816119966,LGA1200,MICRO ATX,64,2,Black / Silver,Unknown,SATA Only,2021.0,270.5568406205924
Biostar X570GTA,0.0542728816119966,AM4,ATX,128,4,Black / Silver,DDR4,"PCIe 3.0 NVMe, SATA",2020.0,270.5568406205924
ASRock Z490 Phantom Gaming 4SR,0.0542728816119966,LGA1200,ATX,128,4,Black,DDR4,SATA Only,2020.0,270.5568406205924
EVGA Z490 DARK,0.0542728816119966,LGA1200,EATX,64,2,Black,DDR4,SATA Only,2020.0,270.5568406205924
Biostar Racing Z490T-Silver,0.0542728816119966,LGA1200,MINI ITX,64,2,Black / Silver,DDR4,SATA Only,2020.0,270.5568406205924
Gigabyte B660 DS3H AC,0.0542728816119966,LGA1700,ATX,128,4,Black,Unknown,SATA Only,2021.0,270.5568406205924
Asus PRIME B650M-A WIFI-CSM,0.0542728816119966,AM5,MICRO ATX,128,4,Silver / Black,DDR5,"PCIe 4.0 NVMe, SATA",2022.0,270.5568406205924
Asus PRIME B650M-K-CSM,0.0542728816119966,AM5,MICRO ATX,96,2,Silver / Black,DDR5,"PCIe 4.0 NVMe, SATA",2022.0,270.5568406205924
Asus EX-B650M-V7,0.0542728816119966,AM5,MICRO ATX,96,2,Black / Red,DDR5,"PCIe 4.0 NVMe, SATA",2022.0,270.5568406205924
Biostar X570GT8,0.0542728816119966,AM4,ATX,128,4,Black,DDR4,"PCIe 3.0 NVMe, SATA",2020.0,270.5568406205924
ASRock Z590-C/ax,0.0542728816119966,LGA1200,ATX,128,4,Black,Unknown,SATA Only,2021.0,270.5568406205924
Biostar Z690A-SILVER,0.0542728816119966,LGA1700,ATX,128,4,Silver / Black,DDR5,"PCIe 4.0 NVMe, SATA",2021.0,270.5568406205924
Gigabyte Z690 UD DDR4 V2,0.0542728816119966,LGA1700,ATX,128,4,Black,DDR5,"PCIe 4.0 NVMe, SATA",2021.0,270.5568406205924
Asus EX-B660M-V5-PRO-D4,0.0542728816119966,LGA1700,MICRO ATX,64,2,Red / Black,Unknown,SATA Only,2021.0,270.5568406205924
MSI Z590M PRO,0.0542728816119966,LGA1200,MICRO ATX,128,4,Black / Silver,Unknown,SATA Only,2021.0,270.5568406205924
Biostar B650MXC PRO,0.0542728816119966,AM5,MICRO ATX,192,4,Black / Silver,DDR5,"PCIe 4.0 NVMe, SATA",2022.0,270.5568406205924
Biostar B550MT,0.0542728816119966,AM4,MICRO ATX,64,2,Black,DDR4,SATA Only,2020.0,270.5568406205924
Biostar B650MS2,0.0542728816119966,AM5,MICRO ATX,96,2,Black / Silver,DDR5,"PCIe 4.0 NVMe, SATA",2022.0,270.5568406205924
Gigabyte B660M POWER DDR4,0.0542728816119966,LGA1700,MICRO ATX,64,2,Black,Unknown,SATA Only,2021.0,270.5568406205924
Biostar B660M-SILVER,0.0542728816119966,LGA1700,MICRO ATX,128,4,Silver / Black,Unknown,SATA Only,2021.0,270.5568406205924
Gigabyte B660M AORUS ELITE DDR4,0.0542728816119966,LGA1700,MICRO ATX,128,4,Black,Unknown,SATA Only,2021.0,270.5568406205924
Gigabyte B660M K DDR4 (rev. 1.0),0.0542728816119966,LGA1700,MICRO ATX,64,2,Black,Unknown,SATA Only,2021.0,270.5568406205924
